t,symbol,res,r,strategy,velocity,zscore,signal
2026-02-03 15:55:00+00:00,EURUSD=X,WIN,2.5,INTRADAY,0.26859288842497353,1.547663311603634,0.9018
2026-02-03 17:00:00+00:00,EURUSD=X,LOSS,-1.0,INTRADAY,0.20456741983657714,1.9578447791015394,1.038
2026-02-03 17:15:00+00:00,EURUSD=X,LOSS,-1.0,INTRADAY,0.1706968357095089,2.0737488004654856,1.1012
2026-02-05 13:35:00+00:00,EURUSD=X,WIN,2.5,INTRADAY,0.13418748473336725,2.043354586370422,1.1428
2026-02-05 13:40:00+00:00,EURUSD=X,WIN,2.5,INTRADAY,0.15019007434817888,1.7634924868527757,1.005
2026-02-05 13:50:00+00:00,EURUSD=X,LOSS,-1.0,INTRADAY,0.18872049170096644,2.276249138596898,1.2731
2026-02-05 13:55:00+00:00,EURUSD=X,LOSS,-1.0,INTRADAY,0.21307829781493964,2.7478077412800257,1.5152
2026-02-05 14:00:00+00:00,EURUSD=X,LOSS,-1.0,INTRADAY,0.2104070808465539,3.1202813231888933,1.7088
2026-02-05 14:10:00+00:00,EURUSD=X,LOSS,-1.0,INTRADAY,0.19709154008002294,3.020475577577935,1.6629
2026-02-05 14:15:00+00:00,EURUSD=X,LOSS,-1.0,INTRADAY,0.19356359385453806,2.018206297380483,1.1608
2026-02-05 14:20:00+00:00,EURUSD=X,LOSS,-1.0,INTRADAY,0.1984710774278933,2.1011307358536193,1.2002
2026-02-05 14:35:00+00:00,EURUSD=X,LOSS,-1.0,INTRADAY,0.1733641670045151,1.7703956056295962,1.0232
2026-02-09 08:00:00+00:00,EURUSD=X,LOSS,-1.0,INTRADAY,0.0918255827040311,2.110126931492148,1.1575
2026-02-09 08:05:00+00:00,EURUSD=X,LOSS,-1.0,INTRADAY,0.09151659733726869,1.9235530372268108,1.0606
2026-02-09 08:10:00+00:00,EURUSD=X,LOSS,-1.0,INTRADAY,0.09245685040604959,1.8590442191552912,1.0234
2026-02-09 08:15:00+00:00,EURUSD=X,LOSS,-1.0,INTRADAY,0.09868891623548019,1.904473128333986,1.0537
2026-02-09 09:00:00+00:00,EURUSD=X,LOSS,-1.0,INTRADAY,0.10739418716935448,1.9752073082482224,1.0684
2026-02-09 09:10:00+00:00,EURUSD=X,LOSS,-1.0,INTRADAY,0.1269121189868681,1.6532156069399915,0.9016
2026-02-09 13:30:00+00:00,EURUSD=X,WIN,2.5,INTRADAY,0.40037799529004253,2.5498494996934844,1.4167
2026-02-09 13:35:00+00:00,EURUSD=X,WIN,2.5,INTRADAY,0.39137931445113877,2.196302197470812,1.2407
2026-02-09 13:40:00+00:00,EURUSD=X,WIN,2.5,INTRADAY,0.41376217295763323,2.143762790988774,1.2113
2026-02-09 13:45:00+00:00,EURUSD=X,WIN,2.5,INTRADAY,0.42632865097221606,2.2769216907948384,1.2779
2026-02-09 13:50:00+00:00,EURUSD=X,WIN,2.5,INTRADAY,0.4089241506606902,2.6560755150899404,1.4831
2026-02-09 13:55:00+00:00,EURUSD=X,WIN,2.5,INTRADAY,0.4404657922334998,2.472068693460917,1.3953
2026-02-09 14:00:00+00:00,EURUSD=X,WIN,2.5,INTRADAY,0.44818342495625757,2.556633390919637,1.4471
2026-02-09 14:05:00+00:00,EURUSD=X,WIN,2.5,INTRADAY,0.4686853495165107,2.633444111459522,1.4874
2026-02-09 14:10:00+00:00,EURUSD=X,WIN,2.5,INTRADAY,0.46638592135600265,2.7828819534847913,1.5662
2026-02-09 14:15:00+00:00,EURUSD=X,WIN,2.5,INTRADAY,0.46325902195887725,2.5971534337381694,1.4736
2026-02-09 14:20:00+00:00,EURUSD=X,LOSS,-1.0,INTRADAY,0.4749858550995291,2.626542814902759,1.4878
2026-02-09 14:25:00+00:00,EURUSD=X,LOSS,-1.0,INTRADAY,0.4884549022774777,2.657558619865858,1.5036
2026-02-09 14:30:00+00:00,EURUSD=X,WIN,2.5,INTRADAY,0.4403622447005817,2.2462132773569765,1.2894
2026-02-09 14:35:00+00:00,EURUSD=X,WIN,2.5,INTRADAY,0.4109766026553826,2.0972241276138783,1.1996
2026-02-09 14:40:00+00:00,EURUSD=X,WIN,2.5,INTRADAY,0.38521302669107405,2.1822925834226545,1.2311
2026-02-09 14:45:00+00:00,EURUSD=X,WIN,2.5,INTRADAY,0.35245379083909306,2.02960909923713,1.1399
2026-02-09 14:50:00+00:00,EURUSD=X,WIN,2.5,INTRADAY,0.3230935344580178,1.9589329849934176,1.0961
2026-02-09 14:55:00+00:00,EURUSD=X,LOSS,-1.0,INTRADAY,0.2975305342131769,2.236464600706697,1.2392
2026-02-09 15:00:00+00:00,EURUSD=X,LOSS,-1.0,INTRADAY,0.2861253535618909,2.343731483378282,1.3005
2026-02-09 15:05:00+00:00,EURUSD=X,LOSS,-1.0,INTRADAY,0.2585085726705567,1.8459087005066557,1.0553
2026-02-10 08:40:00+00:00,EURUSD=X,LOSS,-1.0,INTRADAY,0.09384769975596752,2.1719926515523413,1.192
2026-02-10 09:05:00+00:00,EURUSD=X,LOSS,-1.0,INTRADAY,0.15639184562406724,1.5014935158796359,0.8587
2026-02-10 09:10:00+00:00,EURUSD=X,LOSS,-1.0,INTRADAY,0.1620382293562048,1.79680196126603,1.0067
2026-02-10 09:20:00+00:00,EURUSD=X,LOSS,-1.0,INTRADAY,0.1497702810394624,2.336658161494252,1.2741
2026-02-10 09:25:00+00:00,EURUSD=X,LOSS,-1.0,INTRADAY,0.17693291816101078,2.553290582116304,1.3793
2026-02-10 14:15:00+00:00,EURUSD=X,LOSS,-1.0,INTRADAY,0.27074951268713726,1.8640329420514268,1.0758
2026-02-10 14:20:00+00:00,EURUSD=X,LOSS,-1.0,INTRADAY,0.35404519385212085,1.800664053132012,1.0596
2026-02-10 14:25:00+00:00,EURUSD=X,LOSS,-1.0,INTRADAY,0.3959584110527536,1.9449350060591846,1.1398
2026-02-10 14:30:00+00:00,EURUSD=X,LOSS,-1.0,INTRADAY,0.4154716900037883,2.820893960701184,1.5934
2026-02-10 14:35:00+00:00,EURUSD=X,LOSS,-1.0,INTRADAY,0.3941588484391606,1.7510021921444658,1.0623
2026-02-12 15:50:00+00:00,EURUSD=X,LOSS,-1.0,INTRADAY,0.07291368883426047,2.0766566015457766,1.1089
2026-02-12 16:05:00+00:00,EURUSD=X,LOSS,-1.0,INTRADAY,0.07082735263176829,2.0120809789695446,1.0752
2026-02-13 13:35:00+00:00,EURUSD=X,LOSS,-1.0,INTRADAY,0.14144657994106358,2.4517577755798916,1.3505
2026-02-13 13:40:00+00:00,EURUSD=X,LOSS,-1.0,INTRADAY,0.16305347944344123,2.3186926329469184,1.2915
2026-02-13 13:50:00+00:00,EURUSD=X,LOSS,-1.0,INTRADAY,0.15025877477728816,2.421302153324721,1.3478
2026-02-13 13:55:00+00:00,EURUSD=X,LOSS,-1.0,INTRADAY,0.15750426847149293,2.5532199982290904,1.4168
2026-02-13 14:10:00+00:00,EURUSD=X,LOSS,-1.0,INTRADAY,0.15844895740221213,1.7822382660196603,1.0287
2026-02-13 16:35:00+00:00,EURUSD=X,LOSS,-1.0,INTRADAY,0.006471571599521525,1.6636882805220983,0.8675
2026-02-13 17:10:00+00:00,EURUSD=X,LOSS,-1.0,INTRADAY,0.28518805263913233,2.932284309607649,1.5572
2026-02-13 17:15:00+00:00,EURUSD=X,LOSS,-1.0,INTRADAY,0.30913968872404857,2.119398486394551,1.1592
2026-02-13 17:20:00+00:00,EURUSD=X,LOSS,-1.0,INTRADAY,0.34804346097945504,2.2335262009090977,1.2209
2026-02-13 17:25:00+00:00,EURUSD=X,LOSS,-1.0,INTRADAY,0.35971717370723666,2.1283028583336274,1.1658
2026-02-13 17:50:00+00:00,EURUSD=X,LOSS,-1.0,INTRADAY,0.20035653777683704,1.9769178018821238,1.0218
2026-02-03 15:25:00+00:00,GBPUSD=X,LOSS,-1.0,INTRADAY,0.20429247818729365,1.6074173269301482,0.9195
2026-02-03 15:35:00+00:00,GBPUSD=X,LOSS,-1.0,INTRADAY,0.313555305886923,1.4577529482391218,0.863
2026-02-03 15:45:00+00:00,GBPUSD=X,LOSS,-1.0,INTRADAY,0.32665830375718535,1.6491511071258846,0.966
2026-02-03 15:55:00+00:00,GBPUSD=X,LOSS,-1.0,INTRADAY,0.33646809457084226,1.8939037451942424,1.0858
2026-02-03 16:00:00+00:00,GBPUSD=X,LOSS,-1.0,INTRADAY,0.34010798216789656,2.0845615147883105,1.1756
2026-02-03 16:05:00+00:00,GBPUSD=X,LOSS,-1.0,INTRADAY,0.34893060915885243,1.8798059396272466,1.069
2026-02-04 08:05:00+00:00,GBPUSD=X,LOSS,-1.0,INTRADAY,-0.022304522069893556,2.023596485448987,1.0864
2026-02-04 08:10:00+00:00,GBPUSD=X,LOSS,-1.0,INTRADAY,0.04833193261699147,2.226387306466406,1.2155
2026-02-04 08:15:00+00:00,GBPUSD=X,LOSS,-1.0,INTRADAY,0.10828897464527124,2.1034774109064407,1.1716
2026-02-04 08:20:00+00:00,GBPUSD=X,LOSS,-1.0,INTRADAY,0.15118475772657144,1.7766971685874393,1.019
2026-02-04 08:25:00+00:00,GBPUSD=X,LOSS,-1.0,INTRADAY,0.20030307752469625,2.0389163137365856,1.1639
2026-02-04 08:30:00+00:00,GBPUSD=X,LOSS,-1.0,INTRADAY,0.22704978287090058,1.6155261636986904,0.9576
2026-02-04 08:40:00+00:00,GBPUSD=X,LOSS,-1.0,INTRADAY,0.24643711166625273,1.6759220047226409,0.9946
2026-02-04 08:50:00+00:00,GBPUSD=X,LOSS,-1.0,INTRADAY,0.24875011165635488,1.9696928222522927,1.1421
2026-02-04 08:55:00+00:00,GBPUSD=X,LOSS,-1.0,INTRADAY,0.25421291286107756,2.1761190038269342,1.2468
2026-02-04 09:10:00+00:00,GBPUSD=X,LOSS,-1.0,INTRADAY,0.211800913484942,2.212557629063979,1.2513
2026-02-06 09:50:00+00:00,GBPUSD=X,LOSS,-1.0,INTRADAY,0.228002941985287,1.626333006084685,0.9171
2026-02-06 10:00:00+00:00,GBPUSD=X,LOSS,-1.0,INTRADAY,0.2639560733355008,1.5064721480771948,0.8597
2026-02-06 14:15:00+00:00,GBPUSD=X,WIN,2.5,INTRADAY,0.006857490341066875,1.9439195549313952,1.0114
2026-02-06 14:30:00+00:00,GBPUSD=X,WIN,2.5,INTRADAY,0.07232429556868704,2.249270960093649,1.1899
2026-02-06 14:35:00+00:00,GBPUSD=X,LOSS,-1.0,INTRADAY,0.1121671648816491,2.448639890413801,1.3064
2026-02-06 14:40:00+00:00,GBPUSD=X,WIN,2.5,INTRADAY,0.12735326287834575,2.098684763147563,1.1293
2026-02-06 14:45:00+00:00,GBPUSD=X,LOSS,-1.0,INTRADAY,0.1607540317429909,2.3449306391937124,1.2575
2026-02-06 14:50:00+00:00,GBPUSD=X,LOSS,-1.0,INTRADAY,0.2090749139044471,2.507171249982518,1.3481
2026-02-06 14:55:00+00:00,GBPUSD=X,LOSS,-1.0,INTRADAY,0.22354160511009447,2.124813089576841,1.1581
2026-02-06 15:00:00+00:00,GBPUSD=X,LOSS,-1.0,INTRADAY,0.25878512593313313,2.5379057684132897,1.3789
2026-02-06 15:05:00+00:00,GBPUSD=X,LOSS,-1.0,INTRADAY,0.29510394325051814,2.2236323543274206,1.2314
2026-02-06 15:10:00+00:00,GBPUSD=X,LOSS,-1.0,INTRADAY,0.3140120575953601,1.915481152443983,1.0841
2026-02-06 15:15:00+00:00,GBPUSD=X,LOSS,-1.0,INTRADAY,0.31392394847689625,1.831841178759064,1.0401
2026-02-06 15:55:00+00:00,GBPUSD=X,LOSS,-1.0,INTRADAY,0.11603407001448392,2.284448287801397,1.2063
2026-02-06 16:00:00+00:00,GBPUSD=X,LOSS,-1.0,INTRADAY,0.10466789313162704,1.8896302206696136,1.0047
2026-02-06 17:55:00+00:00,GBPUSD=X,LOSS,-1.0,INTRADAY,0.11709265279542892,2.0823510744128764,1.0646
2026-02-06 18:00:00+00:00,GBPUSD=X,LOSS,-1.0,INTRADAY,0.14008193228607008,1.9935757016101423,1.0218
2026-02-09 13:00:00+00:00,GBPUSD=X,LOSS,-1.0,INTRADAY,0.4416895248022708,2.4333678831555576,1.3234
2026-02-09 13:05:00+00:00,GBPUSD=X,LOSS,-1.0,INTRADAY,0.37482909104840534,2.502634646227513,1.3542
2026-02-09 13:10:00+00:00,GBPUSD=X,LOSS,-1.0,INTRADAY,0.3291926255722305,2.052475316363794,1.1215
2026-02-09 13:25:00+00:00,GBPUSD=X,LOSS,-1.0,INTRADAY,0.1926787180834238,1.8994780546977577,1.0266
2026-02-09 15:35:00+00:00,GBPUSD=X,LOSS,-1.0,INTRADAY,0.2619509004435372,1.8189773520365613,1.0352
2026-02-09 15:40:00+00:00,GBPUSD=X,LOSS,-1.0,INTRADAY,0.2891210787632104,1.7949404439892618,1.0322
2026-02-09 15:45:00+00:00,GBPUSD=X,LOSS,-1.0,INTRADAY,0.30785481138634274,1.9661351061831152,1.1281
2026-02-09 15:50:00+00:00,GBPUSD=X,LOSS,-1.0,INTRADAY,0.3146715300317656,1.7536483309840871,1.0194
2026-02-09 16:00:00+00:00,GBPUSD=X,LOSS,-1.0,INTRADAY,0.3704351447781486,1.8856576103523115,1.0898
2026-02-09 16:10:00+00:00,GBPUSD=X,LOSS,-1.0,INTRADAY,0.3666779627932568,1.880761116126322,1.0966
2026-02-10 13:00:00+00:00,GBPUSD=X,LOSS,-1.0,INTRADAY,0.3059818578053731,2.095433689140738,1.208
2026-02-10 14:20:00+00:00,GBPUSD=X,LOSS,-1.0,INTRADAY,0.05319622928860181,2.0461753266737097,1.0845
2026-02-10 14:25:00+00:00,GBPUSD=X,LOSS,-1.0,INTRADAY,0.06582664329191865,2.204352946898048,1.159
2026-02-10 14:30:00+00:00,GBPUSD=X,LOSS,-1.0,INTRADAY,0.09733069384279976,2.5055112132211983,1.3189
2026-02-11 08:35:00+00:00,GBPUSD=X,WIN,2.5,INTRADAY,0.20432132923875235,1.706000502804125,0.9674
2026-02-11 08:40:00+00:00,GBPUSD=X,WIN,2.5,INTRADAY,0.24777798912608487,2.05861678658502,1.1589
2026-02-11 08:45:00+00:00,GBPUSD=X,WIN,2.5,INTRADAY,0.27387339938101646,1.8401374988414967,1.0537
2026-02-11 08:50:00+00:00,GBPUSD=X,WIN,2.5,INTRADAY,0.30490112291314514,1.9742999588907515,1.1221
2026-02-11 08:55:00+00:00,GBPUSD=X,LOSS,-1.0,INTRADAY,0.3286310888044622,2.1435834119286707,1.2159
2026-02-11 09:00:00+00:00,GBPUSD=X,LOSS,-1.0,INTRADAY,0.3754702720529716,2.191325606805631,1.2483
2026-02-11 09:05:00+00:00,GBPUSD=X,WIN,2.5,INTRADAY,0.4016053137608241,1.986030425411345,1.1503
2026-02-11 09:20:00+00:00,GBPUSD=X,WIN,2.5,INTRADAY,0.35400664832427264,1.8915141890100864,1.0861
2026-02-11 09:25:00+00:00,GBPUSD=X,WIN,2.5,INTRADAY,0.3434260653183317,1.9434310967918946,1.0986
2026-02-11 09:30:00+00:00,GBPUSD=X,LOSS,-1.0,INTRADAY,0.32823265171903915,2.214827641180729,1.2318
2026-02-11 09:35:00+00:00,GBPUSD=X,LOSS,-1.0,INTRADAY,0.3428429636738076,2.2575046135281607,1.2498
2026-02-11 09:40:00+00:00,GBPUSD=X,LOSS,-1.0,INTRADAY,0.34867725290358564,2.130654922647125,1.1878
2026-02-11 09:45:00+00:00,GBPUSD=X,LOSS,-1.0,INTRADAY,0.33440102515195114,1.8527817952696375,1.044
2026-02-11 09:55:00+00:00,GBPUSD=X,LOSS,-1.0,INTRADAY,0.23915905955573313,1.8830104318635725,1.0323
2026-02-12 09:10:00+00:00,GBPUSD=X,LOSS,-1.0,INTRADAY,0.13316542489333616,2.2225542512335537,1.1896
2026-02-12 09:15:00+00:00,GBPUSD=X,LOSS,-1.0,INTRADAY,0.15731017903183225,2.080379723538643,1.1143
2026-02-12 09:20:00+00:00,GBPUSD=X,LOSS,-1.0,INTRADAY,0.17737834742338554,2.4262058914827627,1.2941
2026-02-12 09:25:00+00:00,GBPUSD=X,LOSS,-1.0,INTRADAY,0.2060050187815308,2.164849252337538,1.1693
2026-02-12 09:30:00+00:00,GBPUSD=X,LOSS,-1.0,INTRADAY,0.2209373004775311,2.2256109297691826,1.1997
2026-02-12 09:35:00+00:00,GBPUSD=X,LOSS,-1.0,INTRADAY,0.23748744853334305,2.0840421996419924,1.1247
2026-02-12 14:25:00+00:00,GBPUSD=X,LOSS,-1.0,INTRADAY,0.3340590741209615,1.5576825669719496,0.9225
2026-02-12 14:30:00+00:00,GBPUSD=X,LOSS,-1.0,INTRADAY,0.3274834586031705,1.9682293123620702,1.1285
2026-02-12 14:35:00+00:00,GBPUSD=X,LOSS,-1.0,INTRADAY,0.3221755555564267,1.9581425811018642,1.1234
2026-02-12 14:40:00+00:00,GBPUSD=X,LOSS,-1.0,INTRADAY,0.3256191208736035,1.8861879965724122,1.0849
2026-02-12 14:45:00+00:00,GBPUSD=X,LOSS,-1.0,INTRADAY,0.3151416942573787,1.934206321170972,1.1073
2026-02-12 14:50:00+00:00,GBPUSD=X,LOSS,-1.0,INTRADAY,0.3174101002710144,1.8980780508793869,1.0827
2026-02-12 14:55:00+00:00,GBPUSD=X,LOSS,-1.0,INTRADAY,0.3098205619387751,1.8342959260063338,1.0384
2026-02-12 15:00:00+00:00,GBPUSD=X,LOSS,-1.0,INTRADAY,0.29157955986550477,2.088499655328251,1.1685
2026-02-12 15:05:00+00:00,GBPUSD=X,LOSS,-1.0,INTRADAY,0.2735629719528134,1.868979939138713,1.0438
2026-02-12 15:10:00+00:00,GBPUSD=X,LOSS,-1.0,INTRADAY,0.2708039023161992,2.4424150788977315,1.3354
2026-02-12 15:15:00+00:00,GBPUSD=X,LOSS,-1.0,INTRADAY,0.29054213603389445,2.353416195448983,1.2879
2026-02-12 15:20:00+00:00,GBPUSD=X,LOSS,-1.0,INTRADAY,0.2760856269811959,1.9570614592197,1.0871
2026-02-12 15:25:00+00:00,GBPUSD=X,LOSS,-1.0,INTRADAY,0.2769662255283913,2.0057541236623746,1.0998
2026-02-13 08:45:00+00:00,GBPUSD=X,LOSS,-1.0,INTRADAY,0.32972082967987376,1.7227977317532144,1.0224
2026-02-13 13:30:00+00:00,GBPUSD=X,LOSS,-1.0,INTRADAY,0.15518774809800626,1.8940460833514654,1.0675
2026-02-13 13:55:00+00:00,GBPUSD=X,LOSS,-1.0,INTRADAY,0.23992938666093988,2.0905416817040026,1.2056
2026-02-13 14:00:00+00:00,GBPUSD=X,LOSS,-1.0,INTRADAY,0.27547087241081936,1.9159515784985837,1.1268
2026-02-13 14:10:00+00:00,GBPUSD=X,LOSS,-1.0,INTRADAY,0.3210364218455219,1.8224074164600967,1.0869
2026-02-13 14:15:00+00:00,GBPUSD=X,LOSS,-1.0,INTRADAY,0.3353073561023333,1.8582986416940916,1.1041
2026-02-13 14:25:00+00:00,GBPUSD=X,LOSS,-1.0,INTRADAY,0.3116916812473304,1.835633479644691,1.0876
2026-02-13 14:30:00+00:00,GBPUSD=X,LOSS,-1.0,INTRADAY,0.3048890988511272,1.8490339898299628,1.0918
2026-02-13 15:10:00+00:00,GBPUSD=X,LOSS,-1.0,INTRADAY,0.06313771719195471,2.4640317943826027,1.3323
2026-02-13 16:55:00+00:00,GBPUSD=X,LOSS,-1.0,INTRADAY,0.10392275037554981,1.9518458434980728,1.014
2026-02-13 17:05:00+00:00,GBPUSD=X,LOSS,-1.0,INTRADAY,0.21097873139582793,2.0958054409531917,1.1096
2026-02-13 17:10:00+00:00,GBPUSD=X,LOSS,-1.0,INTRADAY,0.269587869638046,2.642757153266625,1.4057
2026-02-13 17:20:00+00:00,GBPUSD=X,LOSS,-1.0,INTRADAY,0.3111156465762022,1.8605513403326395,1.0332
2026-02-13 17:50:00+00:00,GBPUSD=X,LOSS,-1.0,INTRADAY,0.24334402706338773,2.061535300365316,1.0796
2026-02-16 08:05:00+00:00,GBPUSD=X,LOSS,-1.0,INTRADAY,0.029176300327662434,2.30235630757377,1.2504
2026-02-16 08:15:00+00:00,GBPUSD=X,LOSS,-1.0,INTRADAY,0.07053290238455574,2.8747308832718876,1.5507
2026-02-16 08:40:00+00:00,GBPUSD=X,LOSS,-1.0,INTRADAY,0.1301514705543463,3.299157376432914,1.7787
2026-02-16 08:45:00+00:00,GBPUSD=X,LOSS,-1.0,INTRADAY,0.15299637592217544,3.2949969567017057,1.7797
2026-02-16 08:50:00+00:00,GBPUSD=X,LOSS,-1.0,INTRADAY,0.17081921521027116,2.6389149374225895,1.4532
2026-02-16 08:55:00+00:00,GBPUSD=X,LOSS,-1.0,INTRADAY,0.16988515508948276,2.3495335515876192,1.3066
2026-02-16 09:00:00+00:00,GBPUSD=X,LOSS,-1.0,INTRADAY,0.17485016658616231,2.9600210390466564,1.6125
2026-02-16 09:05:00+00:00,GBPUSD=X,LOSS,-1.0,INTRADAY,0.1879739519640646,3.0382812014060985,1.6585
2026-02-16 09:10:00+00:00,GBPUSD=X,LOSS,-1.0,INTRADAY,0.18876570707292514,3.226494910896205,1.7477
2026-02-16 09:15:00+00:00,GBPUSD=X,LOSS,-1.0,INTRADAY,0.19017526709960347,2.9146564415284915,1.5822
2026-02-16 09:20:00+00:00,GBPUSD=X,LOSS,-1.0,INTRADAY,0.202757887816104,2.451429992269471,1.3496
2026-02-16 09:25:00+00:00,GBPUSD=X,LOSS,-1.0,INTRADAY,0.21832534830871014,2.382675952334098,1.3096
2026-02-16 09:30:00+00:00,GBPUSD=X,LOSS,-1.0,INTRADAY,0.19843493315414173,1.7972438309844718,1.0119
2026-02-13 14:00:00+00:00,NZDUSD=X,LOSS,-1.0,INTRADAY,0.23192558099363525,1.7129907392508426,1.0201
2026-02-13 14:30:00+00:00,NZDUSD=X,LOSS,-1.0,INTRADAY,0.3136097909940536,1.9327413659989336,1.1453
2026-02-04 09:30:00+00:00,USDJPY=X,WIN,2.5,INTRADAY,0.04672175905452869,1.992135432449186,1.0063
2026-02-04 09:35:00+00:00,USDJPY=X,WIN,2.5,INTRADAY,0.06350217686581974,2.4183573289556355,1.2351
2026-02-04 09:40:00+00:00,USDJPY=X,WIN,2.5,INTRADAY,0.07676268621464746,2.57320753442356,1.3161
2026-02-04 09:45:00+00:00,USDJPY=X,WIN,2.5,INTRADAY,0.10875483357992223,2.885959137846039,1.4886
2026-02-04 09:50:00+00:00,USDJPY=X,WIN,2.5,INTRADAY,0.13032270699980597,2.8912935176232724,1.4973
2026-02-04 09:55:00+00:00,USDJPY=X,WIN,2.5,INTRADAY,0.16156256447839273,2.893856944933133,1.5065
2026-02-04 10:00:00+00:00,USDJPY=X,WIN,2.5,INTRADAY,0.19607841146961663,2.704031045458461,1.4161
2026-02-05 08:00:00+00:00,USDJPY=X,WIN,2.5,INTRADAY,0.1731704161528404,1.8443766629260576,1.0294
2026-02-05 08:05:00+00:00,USDJPY=X,WIN,2.5,INTRADAY,0.16329504859237193,2.07168802741851,1.1426
2026-02-05 09:15:00+00:00,USDJPY=X,LOSS,-1.0,INTRADAY,-0.014812675109765586,2.1681628011229765,1.1188
2026-02-05 09:20:00+00:00,USDJPY=X,LOSS,-1.0,INTRADAY,0.010689438015885667,2.155263993253445,1.1146
2026-02-05 09:25:00+00:00,USDJPY=X,LOSS,-1.0,INTRADAY,0.04615323162829748,2.5346975804731033,1.3133
2026-02-05 09:30:00+00:00,USDJPY=X,LOSS,-1.0,INTRADAY,0.09062662473310337,2.18701536810793,1.1492
2026-02-05 09:40:00+00:00,USDJPY=X,LOSS,-1.0,INTRADAY,0.13664051184157275,2.285999372678019,1.2057
2026-02-05 09:45:00+00:00,USDJPY=X,LOSS,-1.0,INTRADAY,0.16874575767807148,2.149314572887452,1.1394
2026-02-05 09:50:00+00:00,USDJPY=X,LOSS,-1.0,INTRADAY,0.1968166285809092,2.3616953751539023,1.2515
2026-02-05 09:55:00+00:00,USDJPY=X,LOSS,-1.0,INTRADAY,0.2218699659921156,2.3538725465306345,1.2495
2026-02-05 10:00:00+00:00,USDJPY=X,LOSS,-1.0,INTRADAY,0.2366332383740551,2.204760998598119,1.1724
2026-02-05 13:15:00+00:00,USDJPY=X,WIN,2.5,INTRADAY,-0.22373577523183982,-2.01267845279133,-1.0185
2026-02-05 13:25:00+00:00,USDJPY=X,WIN,2.5,INTRADAY,-0.2690191401851017,-1.966998343795849,-1.0054
2026-02-05 13:30:00+00:00,USDJPY=X,LOSS,-1.0,INTRADAY,-0.2930372763950474,-2.494845677823301,-1.2717
2026-02-05 13:35:00+00:00,USDJPY=X,LOSS,-1.0,INTRADAY,-0.3056498030955506,-2.7279540514764835,-1.3824
2026-02-05 13:40:00+00:00,USDJPY=X,LOSS,-1.0,INTRADAY,-0.3330149813112868,-2.5877292823137505,-1.3232
2026-02-05 13:45:00+00:00,USDJPY=X,LOSS,-1.0,INTRADAY,-0.3354166704966107,-2.0909572991537777,-1.0776
2026-02-05 13:50:00+00:00,USDJPY=X,LOSS,-1.0,INTRADAY,-0.33291146113229775,-2.727011643274644,-1.3914
2026-02-05 13:55:00+00:00,USDJPY=X,LOSS,-1.0,INTRADAY,-0.3225320955129205,-2.428179544368351,-1.2418
2026-02-05 14:10:00+00:00,USDJPY=X,LOSS,-1.0,INTRADAY,-0.22247409003190508,-2.0733285680374496,-1.031
2026-02-06 08:50:00+00:00,USDJPY=X,LOSS,-1.0,INTRADAY,0.09805729102359888,1.6634250843370404,0.8738
2026-02-06 08:55:00+00:00,USDJPY=X,LOSS,-1.0,INTRADAY,0.10672363976288463,2.159101340488837,1.1265
2026-02-06 09:00:00+00:00,USDJPY=X,LOSS,-1.0,INTRADAY,0.1296914748554061,2.1983710695875036,1.1532
2026-02-06 09:05:00+00:00,USDJPY=X,LOSS,-1.0,INTRADAY,0.15169478282820786,2.557404265906093,1.3382
2026-02-06 09:10:00+00:00,USDJPY=X,LOSS,-1.0,INTRADAY,0.16759652785420884,2.2979721432148543,1.206
2026-02-06 09:15:00+00:00,USDJPY=X,LOSS,-1.0,INTRADAY,0.17465599251154332,2.302927226220484,1.2058
2026-02-06 16:40:00+00:00,USDJPY=X,LOSS,-1.0,INTRADAY,0.054446026673124634,1.699594911664125,0.8995
2026-02-09 13:00:00+00:00,USDJPY=X,WIN,2.5,INTRADAY,-0.0774323319058052,-2.452167395150033,-1.2756
2026-02-09 13:05:00+00:00,USDJPY=X,WIN,2.5,INTRADAY,-0.10080033810277711,-3.5447191911741545,-1.8117
2026-02-09 13:10:00+00:00,USDJPY=X,WIN,2.5,INTRADAY,-0.13595951517736216,-3.5919953222721817,-1.8434
2026-02-09 13:15:00+00:00,USDJPY=X,WIN,2.5,INTRADAY,-0.15804880847169803,-3.242081479426268,-1.6714
2026-02-09 13:20:00+00:00,USDJPY=X,WIN,2.5,INTRADAY,-0.18790038731668499,-3.739643054491052,-1.9145
2026-02-09 13:25:00+00:00,USDJPY=X,WIN,2.5,INTRADAY,-0.21030790807600186,-3.1519279389276806,-1.6224
2026-02-09 13:30:00+00:00,USDJPY=X,WIN,2.5,INTRADAY,-0.2312541875566267,-3.222185424231576,-1.6528
2026-02-09 13:35:00+00:00,USDJPY=X,WIN,2.5,INTRADAY,-0.23792062285825102,-2.4823954688668817,-1.2804
2026-02-09 13:40:00+00:00,USDJPY=X,WIN,2.5,INTRADAY,-0.2521312571504651,-2.219763095699955,-1.1518
2026-02-09 13:45:00+00:00,USDJPY=X,WIN,2.5,INTRADAY,-0.266941510224066,-2.6450082959640375,-1.3642
2026-02-09 13:50:00+00:00,USDJPY=X,WIN,2.5,INTRADAY,-0.274823987699557,-3.1271242466553275,-1.5962
2026-02-09 13:55:00+00:00,USDJPY=X,WIN,2.5,INTRADAY,-0.30305179554147577,-3.1412950201385565,-1.6128
2026-02-09 14:00:00+00:00,USDJPY=X,LOSS,-1.0,INTRADAY,-0.32038241860985894,-3.3422692893792165,-1.7182
2026-02-09 14:05:00+00:00,USDJPY=X,LOSS,-1.0,INTRADAY,-0.3323985139602186,-3.357068776824522,-1.7279
2026-02-09 14:10:00+00:00,USDJPY=X,LOSS,-1.0,INTRADAY,-0.3520734394581289,-3.285926658550395,-1.7048
2026-02-09 14:15:00+00:00,USDJPY=X,LOSS,-1.0,INTRADAY,-0.35176124503206313,-3.1836874569947557,-1.653
2026-02-09 14:20:00+00:00,USDJPY=X,LOSS,-1.0,INTRADAY,-0.3565865593921923,-3.196290961447222,-1.6613
2026-02-09 14:25:00+00:00,USDJPY=X,LOSS,-1.0,INTRADAY,-0.36427633337191395,-3.240430643392562,-1.6863
2026-02-09 14:30:00+00:00,USDJPY=X,LOSS,-1.0,INTRADAY,-0.33224295680562294,-2.590993555756964,-1.3428
2026-02-09 14:35:00+00:00,USDJPY=X,LOSS,-1.0,INTRADAY,-0.3176894881363862,-2.561416205086257,-1.3245
2026-02-09 14:40:00+00:00,USDJPY=X,LOSS,-1.0,INTRADAY,-0.31175011900140615,-2.507991804321859,-1.3008
2026-02-09 14:45:00+00:00,USDJPY=X,LOSS,-1.0,INTRADAY,-0.2946746879215122,-2.1144039328347346,-1.0966
2026-02-09 14:50:00+00:00,USDJPY=X,LOSS,-1.0,INTRADAY,-0.28897401888514207,-2.159719174307774,-1.1194
2026-02-09 14:55:00+00:00,USDJPY=X,LOSS,-1.0,INTRADAY,-0.2754777537450368,-2.2242326626830464,-1.1452
2026-02-10 13:30:00+00:00,USDJPY=X,WIN,2.5,INTRADAY,-0.11578728872686735,-2.8987036022975494,-1.4351
2026-02-10 13:35:00+00:00,USDJPY=X,WIN,2.5,INTRADAY,-0.12868448345436603,-2.5271622475523317,-1.2441
2026-02-10 13:40:00+00:00,USDJPY=X,WIN,2.5,INTRADAY,-0.15600829041911593,-2.4949163468489397,-1.2375
2026-02-10 13:45:00+00:00,USDJPY=X,WIN,2.5,INTRADAY,-0.18138434001330378,-2.5183508987231114,-1.2573
2026-02-10 13:50:00+00:00,USDJPY=X,WIN,2.5,INTRADAY,-0.2006444853710191,-2.9359901606210115,-1.4671
2026-02-10 13:55:00+00:00,USDJPY=X,WIN,2.5,INTRADAY,-0.22340582347110788,-2.7731260926450916,-1.394
2026-02-10 14:00:00+00:00,USDJPY=X,WIN,2.5,INTRADAY,-0.24955195579928266,-2.4785773941122073,-1.2587
2026-02-10 14:05:00+00:00,USDJPY=X,WIN,2.5,INTRADAY,-0.27250223184575,-3.0708187952376598,-1.5542
2026-02-10 14:10:00+00:00,USDJPY=X,WIN,2.5,INTRADAY,-0.3055219992156412,-2.7542861604696114,-1.4097
2026-02-10 14:15:00+00:00,USDJPY=X,WIN,2.5,INTRADAY,-0.3389419140464361,-3.0630036986402485,-1.5718
2026-02-10 14:20:00+00:00,USDJPY=X,WIN,2.5,INTRADAY,-0.3696037287424694,-3.394421732229858,-1.7409
2026-02-10 14:25:00+00:00,USDJPY=X,WIN,2.5,INTRADAY,-0.39158264839658585,-3.0845103566401564,-1.5959
2026-02-10 14:30:00+00:00,USDJPY=X,LOSS,-1.0,INTRADAY,-0.38274978404083154,-3.017955329403994,-1.5548
2026-02-10 14:35:00+00:00,USDJPY=X,LOSS,-1.0,INTRADAY,-0.3966036481523628,-2.928976480315556,-1.5149
2026-02-10 14:40:00+00:00,USDJPY=X,LOSS,-1.0,INTRADAY,-0.402734651728904,-2.7786662591130624,-1.4407
2026-02-10 14:45:00+00:00,USDJPY=X,LOSS,-1.0,INTRADAY,-0.4067090744552943,-2.633599842841059,-1.3709
2026-02-10 14:50:00+00:00,USDJPY=X,WIN,2.5,INTRADAY,-0.39029616775942416,-2.21298391880464,-1.1556
2026-02-10 14:55:00+00:00,USDJPY=X,WIN,2.5,INTRADAY,-0.379166221460783,-2.1581590566599917,-1.1299
2026-02-10 15:00:00+00:00,USDJPY=X,LOSS,-1.0,INTRADAY,-0.34441272005506507,-2.1968283671079742,-1.1373
2026-02-10 15:05:00+00:00,USDJPY=X,LOSS,-1.0,INTRADAY,-0.3026647913088964,-2.0173803834607162,-1.0361
2026-02-11 13:30:00+00:00,USDJPY=X,LOSS,-1.0,INTRADAY,0.09185855975341371,4.409783548926737,2.1228
2026-02-11 16:50:00+00:00,USDJPY=X,WIN,2.5,INTRADAY,-0.11458997713849077,-1.9700011924496346,-1.0535
2026-02-11 16:55:00+00:00,USDJPY=X,WIN,2.5,INTRADAY,-0.1531812091119696,-2.3214428318417455,-1.2449
2026-02-11 17:00:00+00:00,USDJPY=X,WIN,2.5,INTRADAY,-0.19252981961703142,-2.2469274740556613,-1.2231
2026-02-11 17:05:00+00:00,USDJPY=X,WIN,2.5,INTRADAY,-0.229312416727379,-2.0873665864523905,-1.1587
2026-02-11 17:10:00+00:00,USDJPY=X,LOSS,-1.0,INTRADAY,-0.2593620684551295,-2.4211122996559857,-1.3374
2026-02-11 17:15:00+00:00,USDJPY=X,LOSS,-1.0,INTRADAY,-0.282691218238978,-2.339636493694551,-1.3071
2026-02-11 17:20:00+00:00,USDJPY=X,LOSS,-1.0,INTRADAY,-0.29605763582831673,-2.214389578478937,-1.2514
2026-02-11 17:25:00+00:00,USDJPY=X,LOSS,-1.0,INTRADAY,-0.3022794525989687,-2.5448028348280736,-1.4191
2026-02-11 17:30:00+00:00,USDJPY=X,LOSS,-1.0,INTRADAY,-0.3054485405515055,-2.4664470375148246,-1.3797
2026-02-11 17:35:00+00:00,USDJPY=X,LOSS,-1.0,INTRADAY,-0.3086687063978896,-2.3737681554711223,-1.3367
2026-02-11 17:40:00+00:00,USDJPY=X,LOSS,-1.0,INTRADAY,-0.2976856582408465,-2.103531916872983,-1.198
2026-02-11 17:45:00+00:00,USDJPY=X,LOSS,-1.0,INTRADAY,-0.2809938192207074,-1.7568071505875855,-1.018
2026-02-12 13:00:00+00:00,USDJPY=X,LOSS,-1.0,INTRADAY,0.3200287397875945,2.4992131123430834,1.3284
2026-02-12 13:05:00+00:00,USDJPY=X,LOSS,-1.0,INTRADAY,0.3307918451978543,2.571621210203518,1.3662
2026-02-12 13:10:00+00:00,USDJPY=X,LOSS,-1.0,INTRADAY,0.3104561261640309,2.1622593427617147,1.1609
2026-02-12 13:15:00+00:00,USDJPY=X,LOSS,-1.0,INTRADAY,0.2790763183599926,1.8631254874750784,1.0045
2026-02-12 16:05:00+00:00,USDJPY=X,LOSS,-1.0,INTRADAY,-0.20764096737617196,-2.1902009165304026,-1.126
2026-02-12 16:20:00+00:00,USDJPY=X,LOSS,-1.0,INTRADAY,-0.21598380542445977,-2.078113787830457,-1.0514
2026-02-12 16:25:00+00:00,USDJPY=X,LOSS,-1.0,INTRADAY,-0.2271059708559105,-2.1813064183311743,-1.1073
2026-02-13 08:00:00+00:00,USDJPY=X,LOSS,-1.0,INTRADAY,0.11297386985586401,2.0221852486815353,1.0872
2026-02-13 13:30:00+00:00,USDJPY=X,LOSS,-1.0,INTRADAY,-0.08026503126914977,-2.03132515325713,-1.0039
2026-02-13 14:25:00+00:00,USDJPY=X,LOSS,-1.0,INTRADAY,-0.15854914321848304,-2.2985041157907955,-1.13
2026-02-13 14:30:00+00:00,USDJPY=X,LOSS,-1.0,INTRADAY,-0.17046624391175544,-2.116734935662723,-1.0453
2026-02-13 14:35:00+00:00,USDJPY=X,LOSS,-1.0,INTRADAY,-0.18690082179985798,-2.1638374026892317,-1.0774
2026-02-16 08:15:00+00:00,USDJPY=X,WIN,2.5,INTRADAY,0.169171284310477,2.123666099790953,1.1637
2026-02-16 08:20:00+00:00,USDJPY=X,WIN,2.5,INTRADAY,0.14924185060704748,2.344165766989948,1.2727
2026-02-16 08:25:00+00:00,USDJPY=X,WIN,2.5,INTRADAY,0.12296808637809423,1.977270748996124,1.0835
2026-02-16 08:30:00+00:00,USDJPY=X,WIN,2.5,INTRADAY,0.11101411419327316,2.183264940353923,1.1774
2026-02-16 08:35:00+00:00,USDJPY=X,LOSS,-1.0,INTRADAY,0.09846993628927189,2.3668167651252454,1.2631
2026-02-16 09:30:00+00:00,USDJPY=X,LOSS,-1.0,INTRADAY,0.06533631723872929,2.3091789827316607,1.1972
2026-02-16 09:35:00+00:00,USDJPY=X,LOSS,-1.0,INTRADAY,0.09656182281601279,2.412234757079477,1.2565
2026-02-16 09:40:00+00:00,USDJPY=X,LOSS,-1.0,INTRADAY,0.11099592955545004,2.2438033244086104,1.172
2026-02-16 09:45:00+00:00,USDJPY=X,LOSS,-1.0,INTRADAY,0.12486583328201224,2.557425508183091,1.339
2026-02-16 09:50:00+00:00,USDJPY=X,LOSS,-1.0,INTRADAY,0.14493447690086994,2.560046672537302,1.3454
2026-02-16 09:55:00+00:00,USDJPY=X,LOSS,-1.0,INTRADAY,0.16916835715848402,2.3730409614605246,1.2603
2026-02-16 10:00:00+00:00,USDJPY=X,LOSS,-1.0,INTRADAY,0.19184435745404224,2.1904619302398425,1.1767
2026-02-04 15:30:00+00:00,AUDUSD=X,LOSS,-1.0,INTRADAY,-0.22443185876554642,-2.9668911980676387,-1.4651
2026-02-04 15:35:00+00:00,AUDUSD=X,LOSS,-1.0,INTRADAY,-0.24023228546626083,-2.6709422061687738,-1.3261
2026-02-04 15:45:00+00:00,AUDUSD=X,WIN,2.5,INTRADAY,-0.22540026237011745,-2.4798660274779976,-1.2152
2026-02-04 15:50:00+00:00,AUDUSD=X,WIN,2.5,INTRADAY,-0.25460548184805987,-2.451908781846175,-1.2134
2026-02-04 15:55:00+00:00,AUDUSD=X,WIN,2.5,INTRADAY,-0.2849653652095668,-2.6688079062878676,-1.334
2026-02-04 16:00:00+00:00,AUDUSD=X,WIN,2.5,INTRADAY,-0.3016045544617026,-2.8917550142125887,-1.4525
2026-02-04 16:05:00+00:00,AUDUSD=X,LOSS,-1.0,INTRADAY,-0.32734088528389593,-2.8937714703987596,-1.4672
2026-02-04 16:10:00+00:00,AUDUSD=X,LOSS,-1.0,INTRADAY,-0.3614519743818363,-2.5473249473400883,-1.3094
2026-02-04 16:15:00+00:00,AUDUSD=X,LOSS,-1.0,INTRADAY,-0.3858700410433069,-2.546584998174204,-1.3161
2026-02-04 16:20:00+00:00,AUDUSD=X,LOSS,-1.0,INTRADAY,-0.39309967102676946,-2.8181352639455697,-1.4518
2026-02-04 16:25:00+00:00,AUDUSD=X,LOSS,-1.0,INTRADAY,-0.37087130743766117,-2.2397430269480587,-1.1607
2026-02-04 16:30:00+00:00,AUDUSD=X,WIN,2.5,INTRADAY,-0.3558897573805505,-1.9228073729372577,-1.0025
2026-02-04 16:35:00+00:00,AUDUSD=X,LOSS,-1.0,INTRADAY,-0.3686416685305027,-1.989928116482563,-1.0506
2026-02-04 16:40:00+00:00,AUDUSD=X,LOSS,-1.0,INTRADAY,-0.35552425408042554,-2.5240759494807894,-1.3035
2026-02-04 16:45:00+00:00,AUDUSD=X,LOSS,-1.0,INTRADAY,-0.36148740173011323,-2.5497758801007615,-1.3258
2026-02-04 16:50:00+00:00,AUDUSD=X,LOSS,-1.0,INTRADAY,-0.33252346581069175,-2.143802971324217,-1.1118
2026-02-04 17:35:00+00:00,AUDUSD=X,LOSS,-1.0,INTRADAY,0.003964062052537908,-2.202906835811051,-1.0733
2026-02-04 17:40:00+00:00,AUDUSD=X,LOSS,-1.0,INTRADAY,-0.0476811625970263,-2.5840714493368577,-1.272
2026-02-04 17:45:00+00:00,AUDUSD=X,LOSS,-1.0,INTRADAY,-0.10631659080505006,-2.478584897905352,-1.2503
2026-02-04 17:50:00+00:00,AUDUSD=X,LOSS,-1.0,INTRADAY,-0.145977731747535,-2.2296065406731373,-1.1459
2026-02-05 15:10:00+00:00,AUDUSD=X,WIN,2.5,INTRADAY,-0.07696457234987066,-2.439278321634049,-1.1581
2026-02-05 15:20:00+00:00,AUDUSD=X,LOSS,-1.0,INTRADAY,-0.10040931943455654,-2.679143471741331,-1.2876
2026-02-05 15:25:00+00:00,AUDUSD=X,LOSS,-1.0,INTRADAY,-0.14345910699470998,-3.2355037595510034,-1.5805
2026-02-05 15:30:00+00:00,AUDUSD=X,LOSS,-1.0,INTRADAY,-0.19394311462308328,-3.7891519598809538,-1.8709
2026-02-05 15:35:00+00:00,AUDUSD=X,LOSS,-1.0,INTRADAY,-0.24257067240786345,-3.250369053502465,-1.6179
2026-02-05 15:40:00+00:00,AUDUSD=X,LOSS,-1.0,INTRADAY,-0.2624683852040744,-2.761551990957694,-1.3772
2026-02-05 15:45:00+00:00,AUDUSD=X,LOSS,-1.0,INTRADAY,-0.29764011919105915,-3.232059730154204,-1.6239
2026-02-05 15:50:00+00:00,AUDUSD=X,LOSS,-1.0,INTRADAY,-0.29586926460655105,-2.2542001292995546,-1.1312
2026-02-05 15:55:00+00:00,AUDUSD=X,LOSS,-1.0,INTRADAY,-0.3178541407771512,-2.1038921257257495,-1.0693
2026-02-05 16:00:00+00:00,AUDUSD=X,LOSS,-1.0,INTRADAY,-0.3301587957743199,-2.24089289772154,-1.143
2026-02-05 16:05:00+00:00,AUDUSD=X,LOSS,-1.0,INTRADAY,-0.3491547405967181,-2.047550521294231,-1.0631
2026-02-05 16:10:00+00:00,AUDUSD=X,LOSS,-1.0,INTRADAY,-0.3694551461239647,-2.05094880577476,-1.0754
2026-02-06 16:10:00+00:00,AUDUSD=X,LOSS,-1.0,INTRADAY,0.09893636598499823,1.9070816387625205,1.0414
2026-02-06 16:35:00+00:00,AUDUSD=X,WIN,2.5,INTRADAY,0.10635423268519067,1.8448509264513302,1.0051
2026-02-06 16:45:00+00:00,AUDUSD=X,LOSS,-1.0,INTRADAY,0.18767022969043154,1.9954226247204838,1.1022
2026-02-09 15:35:00+00:00,AUDUSD=X,LOSS,-1.0,INTRADAY,0.3973480721256308,2.2153348906277994,1.2691
2026-02-09 15:40:00+00:00,AUDUSD=X,WIN,2.5,INTRADAY,0.3821586954713531,1.9638871516807748,1.1327
2026-02-09 15:45:00+00:00,AUDUSD=X,WIN,2.5,INTRADAY,0.35112735386608984,1.7601464657671961,1.0253
2026-02-09 15:50:00+00:00,AUDUSD=X,WIN,2.5,INTRADAY,0.3402566275709411,1.7887125415782854,1.031
2026-02-10 14:55:00+00:00,AUDUSD=X,LOSS,-1.0,INTRADAY,0.17547573085503798,2.0090062586405186,1.1474
2026-02-10 15:55:00+00:00,AUDUSD=X,LOSS,-1.0,INTRADAY,-0.0618650669469583,2.498232668643336,1.2894
2026-02-11 13:30:00+00:00,AUDUSD=X,LOSS,-1.0,INTRADAY,-0.1093177647095852,-3.82363116282764,-1.8488
2026-02-11 13:35:00+00:00,AUDUSD=X,LOSS,-1.0,INTRADAY,-0.1409179312405304,-2.8041867029352243,-1.3464
2026-02-11 14:05:00+00:00,AUDUSD=X,LOSS,-1.0,INTRADAY,0.04499464682946919,3.3873911605458478,1.8082
2026-02-11 14:10:00+00:00,AUDUSD=X,LOSS,-1.0,INTRADAY,0.09272776199272482,2.8899715539132353,1.5732
2026-02-11 14:15:00+00:00,AUDUSD=X,LOSS,-1.0,INTRADAY,0.14887584381445665,3.442832633093254,1.8713
2026-02-11 14:20:00+00:00,AUDUSD=X,LOSS,-1.0,INTRADAY,0.15320939850358345,1.5923519956959749,0.9455
2026-02-11 14:30:00+00:00,AUDUSD=X,LOSS,-1.0,INTRADAY,0.186262383986666,1.7962334282403487,1.0515
2026-02-11 14:35:00+00:00,AUDUSD=X,LOSS,-1.0,INTRADAY,0.21531062049166833,1.7326685417322376,1.0294
2026-02-11 15:05:00+00:00,AUDUSD=X,LOSS,-1.0,INTRADAY,0.26599961635425295,1.7593315421201996,1.0399
2026-02-11 15:35:00+00:00,AUDUSD=X,LOSS,-1.0,INTRADAY,-0.22098845645757373,-2.1999453369715245,-1.0812
2026-02-11 16:55:00+00:00,AUDUSD=X,WIN,2.5,INTRADAY,0.32227627061653946,1.822154946707402,0.9979
2026-02-11 17:05:00+00:00,AUDUSD=X,LOSS,-1.0,INTRADAY,0.3645814792655656,1.8570972769271714,1.0298
2026-02-11 17:10:00+00:00,AUDUSD=X,LOSS,-1.0,INTRADAY,0.3803750005011591,2.0727855477682704,1.1348
2026-02-11 17:15:00+00:00,AUDUSD=X,LOSS,-1.0,INTRADAY,0.37666507278860956,2.6298715651767806,1.4119
2026-02-11 17:20:00+00:00,AUDUSD=X,LOSS,-1.0,INTRADAY,0.4099112293760016,2.4989279059878347,1.3419
2026-02-11 17:25:00+00:00,AUDUSD=X,LOSS,-1.0,INTRADAY,0.4183062923176734,2.5295562189951086,1.3521
2026-02-11 17:30:00+00:00,AUDUSD=X,LOSS,-1.0,INTRADAY,0.4515374438565764,2.553623446625691,1.4353
2026-02-11 17:35:00+00:00,AUDUSD=X,LOSS,-1.0,INTRADAY,0.4673335924043079,2.3364811839873605,1.3289
2026-02-11 17:40:00+00:00,AUDUSD=X,LOSS,-1.0,INTRADAY,0.46239538812142067,2.2311803137406248,1.2702
2026-02-11 17:45:00+00:00,AUDUSD=X,LOSS,-1.0,INTRADAY,0.43411260688295905,2.0443100267409613,1.1656
2026-02-11 17:50:00+00:00,AUDUSD=X,LOSS,-1.0,INTRADAY,0.4291806212001843,2.0488444452528554,1.1601
2026-02-11 17:55:00+00:00,AUDUSD=X,LOSS,-1.0,INTRADAY,0.40513856522055747,1.878827498493549,1.0622
2026-02-12 16:10:00+00:00,AUDUSD=X,WIN,2.5,INTRADAY,-0.08074108386625135,-2.2529595103446294,-1.0566
2026-02-12 16:15:00+00:00,AUDUSD=X,LOSS,-1.0,INTRADAY,-0.12228737306811978,-3.808713210748762,-1.8417
2026-02-12 16:20:00+00:00,AUDUSD=X,LOSS,-1.0,INTRADAY,-0.17764358081763942,-4.339905811060222,-1.9525
2026-02-12 16:25:00+00:00,AUDUSD=X,LOSS,-1.0,INTRADAY,-0.23362234803198337,-4.053652811069789,-1.9693
2026-02-12 16:30:00+00:00,AUDUSD=X,WIN,2.5,INTRADAY,-0.2593045273427814,-2.753728234416226,-1.3547
2026-02-12 16:35:00+00:00,AUDUSD=X,WIN,2.5,INTRADAY,-0.298930065790693,-2.414572205065409,-1.1977
2026-02-12 16:45:00+00:00,AUDUSD=X,WIN,2.5,INTRADAY,-0.29677997846954013,-2.8883609341574084,-1.4345
2026-02-12 16:50:00+00:00,AUDUSD=X,WIN,2.5,INTRADAY,-0.33221604995728726,-2.7171589575779267,-1.3616
2026-02-12 16:55:00+00:00,AUDUSD=X,WIN,2.5,INTRADAY,-0.3354195449439153,-2.3613836238335133,-1.1834
2026-02-12 17:00:00+00:00,AUDUSD=X,WIN,2.5,INTRADAY,-0.345186464962169,-2.5409594863042395,-1.2775
2026-02-12 17:05:00+00:00,AUDUSD=X,WIN,2.5,INTRADAY,-0.3486052509834668,-2.6106486618058278,-1.3147
2026-02-12 17:10:00+00:00,AUDUSD=X,LOSS,-1.0,INTRADAY,-0.365157120050016,-2.728880295225641,-1.3843
2026-02-12 17:15:00+00:00,AUDUSD=X,WIN,2.5,INTRADAY,-0.377376989139737,-2.4225841755200364,-1.2425
2026-02-12 17:30:00+00:00,AUDUSD=X,LOSS,-1.0,INTRADAY,-0.3091337064252087,-2.2339190112250797,-1.138
2026-02-13 14:30:00+00:00,AUDUSD=X,LOSS,-1.0,INTRADAY,0.30630742953771234,1.6862939954088962,1.0207
2026-02-03 13:00:00+00:00,GBPJPY=X,LOSS,-1.0,INTRADAY,0.270875372364499,2.600848924553757,1.3695
2026-02-03 13:05:00+00:00,GBPJPY=X,LOSS,-1.0,INTRADAY,0.2921179756936905,2.6138036727263145,1.382
2026-02-03 13:10:00+00:00,GBPJPY=X,LOSS,-1.0,INTRADAY,0.29221699518756716,2.2586750313144224,1.2042
2026-02-03 13:15:00+00:00,GBPJPY=X,LOSS,-1.0,INTRADAY,0.28298409191766793,1.9840223566828854,1.0622
2026-02-03 15:20:00+00:00,GBPJPY=X,LOSS,-1.0,INTRADAY,0.03511613814418569,1.932157062934531,1.0188
2026-02-03 15:25:00+00:00,GBPJPY=X,LOSS,-1.0,INTRADAY,0.06135821388646181,2.343804903237944,1.2349
2026-02-03 15:30:00+00:00,GBPJPY=X,LOSS,-1.0,INTRADAY,0.08197133242530784,2.1606729592065883,1.1449
2026-02-03 15:35:00+00:00,GBPJPY=X,LOSS,-1.0,INTRADAY,0.10137522647119328,2.347388856137299,1.2378
2026-02-03 15:40:00+00:00,GBPJPY=X,LOSS,-1.0,INTRADAY,0.10820115769922968,2.2016042049705904,1.1644
2026-02-03 15:45:00+00:00,GBPJPY=X,LOSS,-1.0,INTRADAY,0.12943366335745055,2.1873931331103225,1.1624
2026-02-03 15:55:00+00:00,GBPJPY=X,LOSS,-1.0,INTRADAY,0.13307618317383973,1.9077439202061104,1.0333
2026-02-03 16:00:00+00:00,GBPJPY=X,LOSS,-1.0,INTRADAY,0.14948400865953848,2.0712081594001135,1.1151
2026-02-03 16:10:00+00:00,GBPJPY=X,LOSS,-1.0,INTRADAY,0.15895606689016076,1.895828661331083,1.0304
2026-02-04 08:25:00+00:00,GBPJPY=X,LOSS,-1.0,INTRADAY,0.22894824697449706,1.9573388925032955,1.0917
2026-02-04 08:30:00+00:00,GBPJPY=X,LOSS,-1.0,INTRADAY,0.2548189931009699,1.778677141713826,1.0066
2026-02-04 08:40:00+00:00,GBPJPY=X,LOSS,-1.0,INTRADAY,0.25058935627587847,1.8300975387509482,1.0368
2026-02-04 08:45:00+00:00,GBPJPY=X,LOSS,-1.0,INTRADAY,0.2515545056124537,1.8094037700649173,1.0266
2026-02-04 08:50:00+00:00,GBPJPY=X,LOSS,-1.0,INTRADAY,0.258070883670685,1.865394927332453,1.0507
2026-02-04 08:55:00+00:00,GBPJPY=X,LOSS,-1.0,INTRADAY,0.252887623859511,1.9806214105193105,1.1106
2026-02-04 14:05:00+00:00,GBPJPY=X,LOSS,-1.0,INTRADAY,-0.21221321512586874,-2.067778972723257,-1.0308
2026-02-04 14:55:00+00:00,GBPJPY=X,WIN,2.5,INTRADAY,-0.31676327686426786,-2.174702409961942,-1.1214
2026-02-04 15:00:00+00:00,GBPJPY=X,LOSS,-1.0,INTRADAY,-0.3024411526102582,-2.372437725921835,-1.2076
2026-02-04 16:00:00+00:00,GBPJPY=X,LOSS,-1.0,INTRADAY,-0.12437261124417329,-2.282922325647233,-1.1111
2026-02-04 16:05:00+00:00,GBPJPY=X,LOSS,-1.0,INTRADAY,-0.13710327956880167,-2.1560854046922038,-1.0583
2026-02-04 16:10:00+00:00,GBPJPY=X,LOSS,-1.0,INTRADAY,-0.15973145790482035,-2.128148442904954,-1.0531
2026-02-04 16:15:00+00:00,GBPJPY=X,LOSS,-1.0,INTRADAY,-0.17665266367957747,-2.0256995279365464,-1.0149
2026-02-05 09:05:00+00:00,GBPJPY=X,LOSS,-1.0,INTRADAY,-0.27558571483284977,-2.175464784056764,-1.1214
2026-02-05 09:10:00+00:00,GBPJPY=X,LOSS,-1.0,INTRADAY,-0.33014252534195987,-2.508070985710454,-1.308
2026-02-05 09:35:00+00:00,GBPJPY=X,LOSS,-1.0,INTRADAY,-0.32477752707301966,-2.3663178065086954,-1.2213
2026-02-05 09:40:00+00:00,GBPJPY=X,LOSS,-1.0,INTRADAY,-0.3259122774453556,-2.8361888672797093,-1.4551
2026-02-05 09:45:00+00:00,GBPJPY=X,LOSS,-1.0,INTRADAY,-0.3161742794696213,-2.7429579046467207,-1.4084
2026-02-05 09:50:00+00:00,GBPJPY=X,LOSS,-1.0,INTRADAY,-0.30959431339880594,-2.2745828671634656,-1.1771
2026-02-05 13:00:00+00:00,GBPJPY=X,WIN,2.5,INTRADAY,-0.28432797120602327,-2.31866805742228,-1.1857
2026-02-05 13:05:00+00:00,GBPJPY=X,WIN,2.5,INTRADAY,-0.27707332027519893,-2.126911366519991,-1.0923
2026-02-05 13:10:00+00:00,GBPJPY=X,WIN,2.5,INTRADAY,-0.27584869874816065,-2.3349702029983574,-1.2015
2026-02-05 13:15:00+00:00,GBPJPY=X,WIN,2.5,INTRADAY,-0.27313741668015235,-2.1747332983321925,-1.1245
2026-02-05 13:35:00+00:00,GBPJPY=X,WIN,2.5,INTRADAY,-0.12457641009939194,-2.4220485229134425,-1.2008
2026-02-05 13:40:00+00:00,GBPJPY=X,WIN,2.5,INTRADAY,-0.13404676396136,-2.5196935482910803,-1.2561
2026-02-05 13:45:00+00:00,GBPJPY=X,WIN,2.5,INTRADAY,-0.13750695711948552,-2.157694287331346,-1.0795
2026-02-05 13:50:00+00:00,GBPJPY=X,WIN,2.5,INTRADAY,-0.13927884072576335,-2.0241655025118197,-1.019
2026-02-05 14:15:00+00:00,GBPJPY=X,LOSS,-1.0,INTRADAY,-0.1617697591367758,-1.97578321224499,-1.0171
2026-02-05 15:30:00+00:00,GBPJPY=X,LOSS,-1.0,INTRADAY,-0.17508925305379214,-2.5075146101881995,-1.2631
2026-02-05 15:35:00+00:00,GBPJPY=X,LOSS,-1.0,INTRADAY,-0.19249674672929257,-1.9888625138998242,-1.0082
2026-02-06 09:05:00+00:00,GBPJPY=X,WIN,2.5,INTRADAY,0.1019676716987445,1.6519227832725003,0.8969
2026-02-06 09:15:00+00:00,GBPJPY=X,WIN,2.5,INTRADAY,0.15956471093759717,1.6222019739874922,0.891
2026-02-06 09:40:00+00:00,GBPJPY=X,LOSS,-1.0,INTRADAY,0.28202393345260846,1.793305668902318,1.0038
2026-02-06 16:40:00+00:00,GBPJPY=X,LOSS,-1.0,INTRADAY,0.11942549055264699,2.321381246797388,1.1983
2026-02-06 16:45:00+00:00,GBPJPY=X,LOSS,-1.0,INTRADAY,0.12385230335649736,2.012950543080512,1.0441
2026-02-06 16:50:00+00:00,GBPJPY=X,LOSS,-1.0,INTRADAY,0.13682727329645047,1.986343605585252,1.0289
2026-02-06 17:05:00+00:00,GBPJPY=X,LOSS,-1.0,INTRADAY,0.15281432877321052,2.099135291500711,1.0865
2026-02-06 17:15:00+00:00,GBPJPY=X,LOSS,-1.0,INTRADAY,0.15060459312389396,2.0874373385835736,1.077
2026-02-06 17:35:00+00:00,GBPJPY=X,LOSS,-1.0,INTRADAY,0.1131941563147842,1.992254491315511,1.0132
2026-02-06 17:45:00+00:00,GBPJPY=X,LOSS,-1.0,INTRADAY,0.09810437897464058,2.0170934149877615,1.0155
2026-02-06 17:50:00+00:00,GBPJPY=X,LOSS,-1.0,INTRADAY,0.09777758101565055,2.1549062293125405,1.0841
2026-02-06 17:55:00+00:00,GBPJPY=X,LOSS,-1.0,INTRADAY,0.08494376178027598,2.039164986883986,1.0181
2026-02-06 18:00:00+00:00,GBPJPY=X,LOSS,-1.0,INTRADAY,0.08218023121295173,2.0840294478121835,1.036
2026-02-09 14:00:00+00:00,GBPJPY=X,LOSS,-1.0,INTRADAY,-0.3516224654122938,-2.940903923647759,-1.5389
2026-02-09 14:05:00+00:00,GBPJPY=X,LOSS,-1.0,INTRADAY,-0.37308428482247985,-3.251229825980617,-1.6868
2026-02-09 14:10:00+00:00,GBPJPY=X,LOSS,-1.0,INTRADAY,-0.41986136043527755,-3.5090925820876926,-1.8287
2026-02-09 14:15:00+00:00,GBPJPY=X,LOSS,-1.0,INTRADAY,-0.44589757310698364,-3.1233286631999753,-1.6441
2026-02-09 14:20:00+00:00,GBPJPY=X,LOSS,-1.0,INTRADAY,-0.4246979789641547,-2.5344481461583857,-1.3333
2026-02-09 14:25:00+00:00,GBPJPY=X,LOSS,-1.0,INTRADAY,-0.426461249029178,-2.7270261517008736,-1.4308
2026-02-09 14:30:00+00:00,GBPJPY=X,LOSS,-1.0,INTRADAY,-0.42425771979699906,-2.944376729455908,-1.5408
2026-02-09 14:35:00+00:00,GBPJPY=X,LOSS,-1.0,INTRADAY,-0.4026218733759915,-2.4982327829026376,-1.3116
2026-02-09 14:40:00+00:00,GBPJPY=X,LOSS,-1.0,INTRADAY,-0.3877742950026969,-2.527650665516301,-1.3257
2026-02-09 14:45:00+00:00,GBPJPY=X,LOSS,-1.0,INTRADAY,-0.3740877278643894,-2.2555641088404514,-1.1884
2026-02-09 14:50:00+00:00,GBPJPY=X,LOSS,-1.0,INTRADAY,-0.3629930954281864,-2.140559655913697,-1.1322
2026-02-09 14:55:00+00:00,GBPJPY=X,LOSS,-1.0,INTRADAY,-0.3291007251150056,-2.0800730542061925,-1.0868
2026-02-10 10:00:00+00:00,GBPJPY=X,LOSS,-1.0,INTRADAY,-0.2954738847271221,-1.8647514413958655,-1.0105
2026-02-10 13:30:00+00:00,GBPJPY=X,WIN,2.5,INTRADAY,-0.08154691182459065,-2.255250544464433,-1.1124
2026-02-10 13:35:00+00:00,GBPJPY=X,WIN,2.5,INTRADAY,-0.13120311570039053,-2.254629755150818,-1.1249
2026-02-10 13:50:00+00:00,GBPJPY=X,WIN,2.5,INTRADAY,-0.2350581955745703,-2.4647772708248668,-1.2554
2026-02-10 13:55:00+00:00,GBPJPY=X,WIN,2.5,INTRADAY,-0.2610895695542065,-2.2756193512785114,-1.1697
2026-02-10 14:00:00+00:00,GBPJPY=X,WIN,2.5,INTRADAY,-0.2816497437593366,-2.23685063059398,-1.1599
2026-02-10 14:05:00+00:00,GBPJPY=X,WIN,2.5,INTRADAY,-0.3076655069396359,-2.5611059377465013,-1.329
2026-02-10 14:10:00+00:00,GBPJPY=X,WIN,2.5,INTRADAY,-0.33377998004865284,-2.2780682215713104,-1.2003
2026-02-10 14:15:00+00:00,GBPJPY=X,WIN,2.5,INTRADAY,-0.3638888762039995,-2.6625505571870405,-1.3967
2026-02-10 14:20:00+00:00,GBPJPY=X,WIN,2.5,INTRADAY,-0.39829619300931934,-2.7425652489048917,-1.4503
2026-02-10 14:25:00+00:00,GBPJPY=X,WIN,2.5,INTRADAY,-0.41927997030381,-2.6096818578950143,-1.3952
2026-02-10 14:30:00+00:00,GBPJPY=X,WIN,2.5,INTRADAY,-0.3906854955693143,-2.6151392268060705,-1.3815
2026-02-10 14:35:00+00:00,GBPJPY=X,WIN,2.5,INTRADAY,-0.3788332464062177,-3.117141514407973,-1.618
2026-02-10 14:40:00+00:00,GBPJPY=X,WIN,2.5,INTRADAY,-0.3806993531390007,-3.085874053502335,-1.5999
2026-02-10 14:45:00+00:00,GBPJPY=X,LOSS,-1.0,INTRADAY,-0.4005276275912218,-3.1309289747661007,-1.6285
2026-02-10 14:50:00+00:00,GBPJPY=X,WIN,2.5,INTRADAY,-0.3728087255287127,-2.3656190723098147,-1.2282
2026-02-10 14:55:00+00:00,GBPJPY=X,WIN,2.5,INTRADAY,-0.37795086355291757,-2.3401522584418974,-1.2243
2026-02-10 15:00:00+00:00,GBPJPY=X,WIN,2.5,INTRADAY,-0.35396759182458687,-2.727661891967337,-1.3992
2026-02-10 15:05:00+00:00,GBPJPY=X,WIN,2.5,INTRADAY,-0.35135975533728797,-2.562278709628128,-1.3158
2026-02-10 15:10:00+00:00,GBPJPY=X,WIN,2.5,INTRADAY,-0.3622275173887092,-2.4142324609207724,-1.2487
2026-02-10 15:15:00+00:00,GBPJPY=X,WIN,2.5,INTRADAY,-0.3589297565659716,-2.569751874925621,-1.3209
2026-02-10 15:20:00+00:00,GBPJPY=X,WIN,2.5,INTRADAY,-0.3571336956762258,-2.426709507890748,-1.2526
2026-02-10 15:25:00+00:00,GBPJPY=X,WIN,2.5,INTRADAY,-0.3534066695050598,-2.245646536706544,-1.1683
2026-02-10 15:30:00+00:00,GBPJPY=X,WIN,2.5,INTRADAY,-0.3373965124338205,-1.9661038686557406,-1.0273
2026-02-10 15:35:00+00:00,GBPJPY=X,WIN,2.5,INTRADAY,-0.32073880787317194,-2.1618395806750588,-1.1212
2026-02-10 15:40:00+00:00,GBPJPY=X,WIN,2.5,INTRADAY,-0.30538525676335515,-2.2430311739871502,-1.1578
2026-02-10 15:45:00+00:00,GBPJPY=X,WIN,2.5,INTRADAY,-0.2901128258172212,-2.014501314206183,-1.0427
2026-02-11 13:35:00+00:00,GBPJPY=X,LOSS,-1.0,INTRADAY,-0.07724406382687696,-2.9467928347315917,-1.3973
2026-02-11 16:50:00+00:00,GBPJPY=X,WIN,2.5,INTRADAY,-0.12656115955838568,-2.338485153499181,-1.2394
2026-02-11 16:55:00+00:00,GBPJPY=X,WIN,2.5,INTRADAY,-0.15607551593727093,-2.335465029736497,-1.2513
2026-02-11 17:00:00+00:00,GBPJPY=X,WIN,2.5,INTRADAY,-0.18334593823185993,-2.2845756669429433,-1.2389
2026-02-11 17:05:00+00:00,GBPJPY=X,WIN,2.5,INTRADAY,-0.20928714504322135,-2.0058851016074977,-1.1101
2026-02-11 17:10:00+00:00,GBPJPY=X,WIN,2.5,INTRADAY,-0.23390448175571513,-2.0427971533740124,-1.1391
2026-02-11 17:15:00+00:00,GBPJPY=X,WIN,2.5,INTRADAY,-0.24688443861961087,-1.9477588391861416,-1.0963
2026-02-11 17:20:00+00:00,GBPJPY=X,WIN,2.5,INTRADAY,-0.2551607618381646,-1.7562839909691743,-1.0055
2026-02-11 17:25:00+00:00,GBPJPY=X,WIN,2.5,INTRADAY,-0.26536225944516245,-1.961127992846636,-1.1125
2026-02-11 17:30:00+00:00,GBPJPY=X,WIN,2.5,INTRADAY,-0.2563838606513583,-2.049328179883545,-1.151
2026-02-11 17:35:00+00:00,GBPJPY=X,WIN,2.5,INTRADAY,-0.26456657683012774,-2.001881928748238,-1.1324
2026-02-12 13:00:00+00:00,GBPJPY=X,LOSS,-1.0,INTRADAY,0.275393685284283,2.0988421217322606,1.1178
2026-02-12 13:05:00+00:00,GBPJPY=X,LOSS,-1.0,INTRADAY,0.26679246435577975,2.202877857550379,1.1672
2026-02-12 13:10:00+00:00,GBPJPY=X,LOSS,-1.0,INTRADAY,0.24298119767202725,1.9458069527260324,1.0331
2026-02-12 16:05:00+00:00,GBPJPY=X,WIN,2.5,INTRADAY,-0.3084273609829558,-2.240630761278603,-1.1621
2026-02-12 16:10:00+00:00,GBPJPY=X,WIN,2.5,INTRADAY,-0.3318381292084362,-2.0769193696952346,-1.0804
2026-02-12 16:15:00+00:00,GBPJPY=X,LOSS,-1.0,INTRADAY,-0.36073282814063024,-2.764389836298795,-1.4216
2026-02-12 16:20:00+00:00,GBPJPY=X,LOSS,-1.0,INTRADAY,-0.40344386866141096,-3.0387407537475215,-1.5723
2026-02-12 16:25:00+00:00,GBPJPY=X,LOSS,-1.0,INTRADAY,-0.4429074089757663,-3.0862719915489163,-1.6078
2026-02-12 16:30:00+00:00,GBPJPY=X,LOSS,-1.0,INTRADAY,-0.430361491632623,-2.5606200045987504,-1.3358
2026-02-13 08:00:00+00:00,GBPJPY=X,LOSS,-1.0,INTRADAY,0.23005142451891303,2.9593481354774465,1.6113
2026-02-13 08:05:00+00:00,GBPJPY=X,LOSS,-1.0,INTRADAY,0.2226044049281574,2.3950188577218925,1.3293
2026-02-13 08:15:00+00:00,GBPJPY=X,WIN,2.5,INTRADAY,0.18581359010019521,1.8663510171804558,1.0501
2026-02-13 08:20:00+00:00,GBPJPY=X,LOSS,-1.0,INTRADAY,0.17604967859241427,2.0892957455625547,1.1555
2026-02-13 08:25:00+00:00,GBPJPY=X,LOSS,-1.0,INTRADAY,0.17123269973761737,2.143529177752982,1.1744
2026-02-13 08:30:00+00:00,GBPJPY=X,LOSS,-1.0,INTRADAY,0.1676950304843264,2.106612402647304,1.1576
2026-02-13 08:35:00+00:00,GBPJPY=X,LOSS,-1.0,INTRADAY,0.17310552070008667,2.1104515720505366,1.1558
2026-02-13 08:40:00+00:00,GBPJPY=X,LOSS,-1.0,INTRADAY,0.18489347828762712,2.525369830919371,1.3657
2026-02-13 08:45:00+00:00,GBPJPY=X,LOSS,-1.0,INTRADAY,0.2084015967774548,2.7653653979219093,1.4926
2026-02-13 08:50:00+00:00,GBPJPY=X,LOSS,-1.0,INTRADAY,0.2370677904520601,2.7129388115341073,1.467
2026-02-13 08:55:00+00:00,GBPJPY=X,LOSS,-1.0,INTRADAY,0.23506635257349456,2.2973115944874305,1.2571
2026-02-13 09:00:00+00:00,GBPJPY=X,LOSS,-1.0,INTRADAY,0.22382601178102565,2.0740129816350716,1.1395
2026-02-13 09:05:00+00:00,GBPJPY=X,LOSS,-1.0,INTRADAY,0.2155973880973278,2.134195794703646,1.1614
2026-02-13 09:10:00+00:00,GBPJPY=X,LOSS,-1.0,INTRADAY,0.19475937499393256,1.963062063293175,1.0678
2026-02-13 09:20:00+00:00,GBPJPY=X,LOSS,-1.0,INTRADAY,0.17834459972472294,2.1841638788228392,1.1682
2026-02-13 09:25:00+00:00,GBPJPY=X,LOSS,-1.0,INTRADAY,0.1740737580535143,2.069059093314903,1.0995
2026-02-16 08:00:00+00:00,GBPJPY=X,LOSS,-1.0,INTRADAY,0.29859130399695877,2.802074001705651,1.5267
2026-02-16 08:05:00+00:00,GBPJPY=X,WIN,2.5,INTRADAY,0.2802943270085065,2.223347090181371,1.2426
2026-02-16 08:10:00+00:00,GBPJPY=X,WIN,2.5,INTRADAY,0.25819097080375003,2.0825711391991004,1.17
2026-02-16 08:15:00+00:00,GBPJPY=X,WIN,2.5,INTRADAY,0.23900830558388797,2.9977792285157716,1.6383
2026-02-16 08:20:00+00:00,GBPJPY=X,WIN,2.5,INTRADAY,0.2240358271743555,2.6223271325233655,1.4513
2026-02-16 08:25:00+00:00,GBPJPY=X,WIN,2.5,INTRADAY,0.21051228598541688,2.2477655117382933,1.2591
2026-02-16 08:30:00+00:00,GBPJPY=X,WIN,2.5,INTRADAY,0.1991743727697968,2.385846265496943,1.3216
2026-02-16 08:35:00+00:00,GBPJPY=X,WIN,2.5,INTRADAY,0.18045040124913858,2.2796345235863495,1.2576
2026-02-16 08:40:00+00:00,GBPJPY=X,WIN,2.5,INTRADAY,0.1673488887787932,2.393490421151629,1.3074
2026-02-16 08:45:00+00:00,GBPJPY=X,WIN,2.5,INTRADAY,0.15659171762175578,2.3015155049653977,1.252
2026-02-16 08:50:00+00:00,GBPJPY=X,WIN,2.5,INTRADAY,0.15957557311512258,2.352056704931287,1.2727
2026-02-16 08:55:00+00:00,GBPJPY=X,WIN,2.5,INTRADAY,0.15582741803498562,1.972029818377875,1.0843
2026-02-16 09:00:00+00:00,GBPJPY=X,WIN,2.5,INTRADAY,0.1506814796443245,2.157368159743042,1.1779
2026-02-16 09:05:00+00:00,GBPJPY=X,WIN,2.5,INTRADAY,0.15030261275674792,2.1673578699405986,1.1808
2026-02-16 09:10:00+00:00,GBPJPY=X,WIN,2.5,INTRADAY,0.1495524912114498,2.1864275662498973,1.1841
2026-02-16 09:15:00+00:00,GBPJPY=X,LOSS,-1.0,INTRADAY,0.1445778997756035,2.1859966560361683,1.1772
2026-02-16 09:20:00+00:00,GBPJPY=X,LOSS,-1.0,INTRADAY,0.16146936372834592,2.1073886659852348,1.1369
2026-02-16 09:25:00+00:00,GBPJPY=X,LOSS,-1.0,INTRADAY,0.17837673198242698,2.0951452292067576,1.1273
2026-02-16 09:30:00+00:00,GBPJPY=X,LOSS,-1.0,INTRADAY,0.18289608736189467,2.4202478429303365,1.2997
2026-02-16 09:35:00+00:00,GBPJPY=X,LOSS,-1.0,INTRADAY,0.18840185817524607,2.251286893579883,1.219
2026-02-16 09:40:00+00:00,GBPJPY=X,LOSS,-1.0,INTRADAY,0.20907388362120796,2.051710547042798,1.1181
2026-02-16 09:45:00+00:00,GBPJPY=X,LOSS,-1.0,INTRADAY,0.20956396048548862,2.2665585547630025,1.232
2026-02-16 09:50:00+00:00,GBPJPY=X,LOSS,-1.0,INTRADAY,0.1903799973047878,1.8958134036017957,1.0439
2026-02-16 09:55:00+00:00,GBPJPY=X,LOSS,-1.0,INTRADAY,0.20247317289835015,1.8391020714685327,1.0137
2026-02-03 15:05:00+00:00,GC=F,LOSS,-1.0,INTRADAY,-0.06179753015684679,2.3074914509557667,1.1865
2026-02-03 15:10:00+00:00,GC=F,LOSS,-1.0,INTRADAY,-0.041698923654598805,2.3588836187199105,1.2152
2026-02-03 15:45:00+00:00,GC=F,WIN,2.5,INTRADAY,0.014270889130548331,1.757097019756058,0.9062
2026-02-03 15:50:00+00:00,GC=F,WIN,2.5,INTRADAY,0.02939222347776343,2.352384971792895,1.2042
2026-02-03 15:55:00+00:00,GC=F,WIN,2.5,INTRADAY,0.03913265332871466,2.4539308658045496,1.2508
2026-02-03 16:00:00+00:00,GC=F,WIN,2.5,INTRADAY,0.04207905159425951,2.725771884507595,1.3877
2026-02-03 16:05:00+00:00,GC=F,WIN,2.5,INTRADAY,0.05520685892389724,2.3969101897069915,1.2243
2026-02-03 16:10:00+00:00,GC=F,LOSS,-1.0,INTRADAY,0.05410340824949261,2.9419244988032958,1.4936
2026-02-03 16:15:00+00:00,GC=F,LOSS,-1.0,INTRADAY,0.0795155600692559,4.447976237166137,2.0463
2026-02-03 16:20:00+00:00,GC=F,LOSS,-1.0,INTRADAY,0.11072765374377927,4.2689433756300295,2.0481
2026-02-03 16:25:00+00:00,GC=F,LOSS,-1.0,INTRADAY,0.14403526934398697,4.125171265020022,2.0544
2026-02-03 16:30:00+00:00,GC=F,LOSS,-1.0,INTRADAY,0.17817671489395165,3.8837030127833985,2.0052
2026-02-03 16:35:00+00:00,GC=F,LOSS,-1.0,INTRADAY,0.20683875264608095,4.651957790781068,2.0772
2026-02-03 16:40:00+00:00,GC=F,LOSS,-1.0,INTRADAY,0.22567149506084708,3.6165480320592227,1.8889
2026-02-03 16:45:00+00:00,GC=F,LOSS,-1.0,INTRADAY,0.2486671659001602,3.1573364488763316,1.6662
2026-02-03 16:50:00+00:00,GC=F,LOSS,-1.0,INTRADAY,0.23736021577397728,1.8883562225204273,1.0359
2026-02-03 16:55:00+00:00,GC=F,LOSS,-1.0,INTRADAY,0.23099268736584677,1.9104676003212553,1.0409
2026-02-03 17:15:00+00:00,GC=F,LOSS,-1.0,INTRADAY,0.09220021344937754,2.2554013511897493,1.1932
2026-02-06 13:00:00+00:00,GC=F,LOSS,-1.0,INTRADAY,0.07633837518120046,2.8445509867618743,1.447
2026-02-06 13:05:00+00:00,GC=F,WIN,2.5,INTRADAY,0.10051682134114097,2.303930717125758,1.1912
2026-02-06 13:10:00+00:00,GC=F,WIN,2.5,INTRADAY,0.10878017052427993,2.0867153966161354,1.085
2026-02-06 13:15:00+00:00,GC=F,WIN,2.5,INTRADAY,0.12500633881089773,2.2133645752851976,1.1536
2026-02-06 13:20:00+00:00,GC=F,LOSS,-1.0,INTRADAY,0.15031812674509692,2.8224048005480795,1.4712
2026-02-06 13:25:00+00:00,GC=F,WIN,2.5,INTRADAY,0.13980078669630172,1.9277613142387042,1.0347
2026-02-06 13:30:00+00:00,GC=F,LOSS,-1.0,INTRADAY,0.15191080907308893,2.553237026273168,1.3591
2026-02-06 13:35:00+00:00,GC=F,LOSS,-1.0,INTRADAY,0.1667014772339667,2.7298678902686437,1.4552
2026-02-06 13:40:00+00:00,GC=F,LOSS,-1.0,INTRADAY,0.18787119288099252,2.671734469566185,1.4273
2026-02-06 13:45:00+00:00,GC=F,LOSS,-1.0,INTRADAY,0.2160552002777243,2.4897142430624095,1.3377
2026-02-06 13:50:00+00:00,GC=F,LOSS,-1.0,INTRADAY,0.22742168806831328,2.070516797990683,1.1268
2026-02-06 13:55:00+00:00,GC=F,LOSS,-1.0,INTRADAY,0.2310280661065662,2.238473065966766,1.2058
2026-02-06 14:00:00+00:00,GC=F,LOSS,-1.0,INTRADAY,0.21251054914569983,2.0303523900530003,1.0952
2026-02-06 14:35:00+00:00,GC=F,WIN,2.5,INTRADAY,0.004876213860424016,2.0805144980320045,1.0943
2026-02-06 14:45:00+00:00,GC=F,WIN,2.5,INTRADAY,0.029747537817846656,1.9982885666464123,1.0566
2026-02-06 14:50:00+00:00,GC=F,WIN,2.5,INTRADAY,0.0330210563630387,1.926088933770384,1.0137
2026-02-06 14:55:00+00:00,GC=F,LOSS,-1.0,INTRADAY,0.046021917357805336,2.210723818235941,1.1596
2026-02-06 15:25:00+00:00,GC=F,LOSS,-1.0,INTRADAY,0.13590506091132798,2.037024714837683,1.1036
2026-02-06 15:30:00+00:00,GC=F,LOSS,-1.0,INTRADAY,0.1497429127273197,1.8877677598776041,1.025
2026-02-09 14:30:00+00:00,GC=F,WIN,2.5,INTRADAY,0.019818640086017254,2.1755354687198953,1.1217
2026-02-09 14:35:00+00:00,GC=F,WIN,2.5,INTRADAY,0.04561065849405877,1.7268571652651465,0.9051
2026-02-09 14:40:00+00:00,GC=F,WIN,2.5,INTRADAY,0.08451156220695383,2.1321397889745657,1.1213
2026-02-09 14:45:00+00:00,GC=F,WIN,2.5,INTRADAY,0.12274424051266446,1.7687196518899146,0.9492
2026-02-09 14:50:00+00:00,GC=F,WIN,2.5,INTRADAY,0.16657738052739457,2.245475127225632,1.1993
2026-02-09 14:55:00+00:00,GC=F,WIN,2.5,INTRADAY,0.20503694902261932,1.974409333196632,1.0669
2026-02-09 15:00:00+00:00,GC=F,WIN,2.5,INTRADAY,0.2354262294036505,1.9809404789049128,1.0769
2026-02-09 15:30:00+00:00,GC=F,WIN,2.5,INTRADAY,0.1706304422946706,2.944858679633308,1.5506
2026-02-09 15:35:00+00:00,GC=F,WIN,2.5,INTRADAY,0.17679799352669706,2.6266877377106406,1.3878
2026-02-09 15:40:00+00:00,GC=F,WIN,2.5,INTRADAY,0.1828885425424204,2.7592772853875096,1.4548
2026-02-09 15:45:00+00:00,GC=F,LOSS,-1.0,INTRADAY,0.19088859503931296,2.873022909205378,1.5117
2026-02-09 15:50:00+00:00,GC=F,LOSS,-1.0,INTRADAY,0.19977578575237764,2.5691701762803696,1.3545
2026-02-09 15:55:00+00:00,GC=F,LOSS,-1.0,INTRADAY,0.20189936917549672,2.4457702301069,1.2868
2026-02-09 16:00:00+00:00,GC=F,LOSS,-1.0,INTRADAY,0.1988368384153065,2.772413408303839,1.4577
2026-02-09 16:05:00+00:00,GC=F,LOSS,-1.0,INTRADAY,0.20692616199906164,2.515035316401381,1.3232
2026-02-09 16:10:00+00:00,GC=F,LOSS,-1.0,INTRADAY,0.23233410337754434,2.2843695030794087,1.2067
2026-02-09 16:15:00+00:00,GC=F,LOSS,-1.0,INTRADAY,0.24347344444028513,2.3820356612366838,1.2577
2026-02-09 16:20:00+00:00,GC=F,LOSS,-1.0,INTRADAY,0.2691396748815843,2.58888864669251,1.3682
2026-02-09 16:25:00+00:00,GC=F,LOSS,-1.0,INTRADAY,0.2737062105825936,2.360639055675711,1.2581
2026-02-09 16:30:00+00:00,GC=F,LOSS,-1.0,INTRADAY,0.27430867063632747,1.9870718465200967,1.0741
2026-02-09 16:35:00+00:00,GC=F,LOSS,-1.0,INTRADAY,0.28319478808889664,2.2816683208933215,1.2239
2026-02-09 16:40:00+00:00,GC=F,LOSS,-1.0,INTRADAY,0.29620231822595544,2.268532638075608,1.2175
2026-02-09 16:45:00+00:00,GC=F,LOSS,-1.0,INTRADAY,0.29373484679765166,2.101748192088249,1.1314
2026-02-09 16:50:00+00:00,GC=F,LOSS,-1.0,INTRADAY,0.2772078885967205,1.9010409260878194,1.0186
2026-02-10 08:45:00+00:00,GC=F,LOSS,-1.0,INTRADAY,0.16729338524761062,1.971396355454567,1.0292
2026-02-10 09:05:00+00:00,GC=F,LOSS,-1.0,INTRADAY,0.1699848999122646,2.5263185267693316,1.3341
2026-02-10 09:20:00+00:00,GC=F,LOSS,-1.0,INTRADAY,0.16024008205312956,1.901288244845718,1.0191
2026-02-10 14:15:00+00:00,GC=F,LOSS,-1.0,INTRADAY,0.21618280042128948,2.785764881951491,1.5083
2026-02-10 14:20:00+00:00,GC=F,LOSS,-1.0,INTRADAY,0.23330498691322155,2.235009293157514,1.2315
2026-02-10 14:25:00+00:00,GC=F,LOSS,-1.0,INTRADAY,0.2399791948862707,2.3947703061628047,1.3087
2026-02-10 14:30:00+00:00,GC=F,LOSS,-1.0,INTRADAY,0.241637718822591,2.657350817415256,1.4442
2026-02-11 09:40:00+00:00,GC=F,WIN,2.5,INTRADAY,0.0686133371359347,2.165837208447873,1.0897
2026-02-11 09:45:00+00:00,GC=F,WIN,2.5,INTRADAY,0.09399045158120538,2.140508803734544,1.0938
2026-02-11 10:00:00+00:00,GC=F,WIN,2.5,INTRADAY,0.1497841338545723,2.1303222016158063,1.0963
2026-02-12 09:50:00+00:00,GC=F,LOSS,-1.0,INTRADAY,0.15472711907494607,1.9775565829830728,1.0138
2026-02-12 13:35:00+00:00,GC=F,LOSS,-1.0,INTRADAY,0.06481107084852676,1.8404178614095361,0.9969
2026-02-12 13:40:00+00:00,GC=F,LOSS,-1.0,INTRADAY,0.10433640089263459,1.9913655646053248,1.0784
2026-02-12 13:45:00+00:00,GC=F,LOSS,-1.0,INTRADAY,0.134162853298698,2.2308209573534814,1.2075
2026-02-12 13:50:00+00:00,GC=F,LOSS,-1.0,INTRADAY,0.1727195614306557,2.5141319031144267,1.3529
2026-02-13 13:30:00+00:00,GC=F,LOSS,-1.0,INTRADAY,0.08350159638873061,2.395639787968807,1.2638
2026-02-13 13:35:00+00:00,GC=F,LOSS,-1.0,INTRADAY,0.09607516001767752,2.2711045960375107,1.2079
2026-02-13 14:00:00+00:00,GC=F,LOSS,-1.0,INTRADAY,0.12912051146240025,1.9489608549419206,1.0587
2026-02-13 14:10:00+00:00,GC=F,LOSS,-1.0,INTRADAY,0.15754730507788905,2.28732542418455,1.2373
2026-02-13 14:15:00+00:00,GC=F,LOSS,-1.0,INTRADAY,0.17627150818447365,2.5290125708766724,1.3652
2026-02-13 14:20:00+00:00,GC=F,LOSS,-1.0,INTRADAY,0.18760612356406928,2.299886380139271,1.2498
2026-02-13 14:25:00+00:00,GC=F,LOSS,-1.0,INTRADAY,0.20728089658006382,2.2743419769918245,1.2339
2026-02-13 14:30:00+00:00,GC=F,LOSS,-1.0,INTRADAY,0.20254702682704723,2.307883511212302,1.2621
2026-02-13 15:05:00+00:00,GC=F,LOSS,-1.0,INTRADAY,0.05443414623108607,2.351582842863041,1.2621
2026-02-13 15:25:00+00:00,GC=F,LOSS,-1.0,INTRADAY,0.05483045874159166,2.0567894995662166,1.1016
2026-02-13 15:30:00+00:00,GC=F,LOSS,-1.0,INTRADAY,0.05583130407549977,1.8711262405367244,0.9998
2026-02-13 16:25:00+00:00,GC=F,LOSS,-1.0,INTRADAY,0.020637208627981532,2.449276406383275,1.275
2026-02-13 16:35:00+00:00,GC=F,LOSS,-1.0,INTRADAY,0.0363370327565186,1.6360744851499132,0.8604
2026-02-13 16:40:00+00:00,GC=F,LOSS,-1.0,INTRADAY,0.04888559716163057,1.6536627130478345,0.8636
2026-02-02 15:20:00+00:00,BTC-USD,LOSS,-1.0,INTRADAY,0.06485270521896327,1.9616823798979819,1.0901
2026-02-02 15:40:00+00:00,BTC-USD,LOSS,-1.0,INTRADAY,0.16471123761083792,2.1995417353849476,0.7422
2026-02-02 15:45:00+00:00,BTC-USD,LOSS,-1.0,INTRADAY,0.19592093364023533,2.370013910608316,0.809
2026-02-03 09:25:00+00:00,BTC-USD,LOSS,-1.0,INTRADAY,-0.19672592305507067,-2.069457264247671,-1.0664
2026-02-03 14:40:00+00:00,BTC-USD,LOSS,-1.0,INTRADAY,-0.12468904402986591,-2.1601476180013925,-1.0367
2026-02-03 14:50:00+00:00,BTC-USD,WIN,2.5,INTRADAY,-0.14045133484269542,-2.2129194315811693,-1.0571
2026-02-03 14:55:00+00:00,BTC-USD,LOSS,-1.0,INTRADAY,-0.18195353947071002,-3.435553328323214,-1.6774
2026-02-03 15:00:00+00:00,BTC-USD,LOSS,-1.0,INTRADAY,-0.2285118180930869,-3.0276580721617137,-1.0226
2026-02-03 15:05:00+00:00,BTC-USD,LOSS,-1.0,INTRADAY,-0.24553498132585236,-2.1666831952939485,-1.0628
2026-02-03 15:10:00+00:00,BTC-USD,LOSS,-1.0,INTRADAY,-0.26359882419679476,-2.993957071309189,-1.4799
2026-02-03 15:15:00+00:00,BTC-USD,LOSS,-1.0,INTRADAY,-0.2669184175679424,-2.2350680759927397,-1.1016
2026-02-03 16:15:00+00:00,BTC-USD,WIN,2.5,INTRADAY,0.020894006122077848,-2.6293969536084214,-1.2154
2026-02-03 17:00:00+00:00,BTC-USD,WIN,2.5,INTRADAY,-0.4199551651474748,-2.84024102143941,-1.5088
2026-02-03 17:05:00+00:00,BTC-USD,WIN,2.5,INTRADAY,-0.4438007808922251,-3.1234972561573104,-1.1589
2026-02-03 17:10:00+00:00,BTC-USD,WIN,2.5,INTRADAY,-0.46429967849252324,-3.2884921667723117,-1.7471
2026-02-03 17:15:00+00:00,BTC-USD,WIN,2.5,INTRADAY,-0.4954810692891708,-3.2140796784554198,-1.7242
2026-02-03 17:20:00+00:00,BTC-USD,WIN,2.5,INTRADAY,-0.5113141657817195,-2.646156119803201,-1.4453
2026-02-03 17:25:00+00:00,BTC-USD,WIN,2.5,INTRADAY,-0.5168409958160814,-2.688817804436462,-1.4746
2026-02-03 17:30:00+00:00,BTC-USD,WIN,2.5,INTRADAY,-0.5196599815860142,-2.538270545550847,-1.4127
2026-02-03 17:35:00+00:00,BTC-USD,WIN,2.5,INTRADAY,-0.4739281046339828,-2.80411737979054,-1.5273
2026-02-03 17:40:00+00:00,BTC-USD,WIN,2.5,INTRADAY,-0.4458561266957029,-3.0693206385677376,-1.6442
2026-02-03 17:45:00+00:00,BTC-USD,WIN,2.5,INTRADAY,-0.45109407387441086,-3.0829424427051513,-1.6569
2026-02-03 17:50:00+00:00,BTC-USD,WIN,2.5,INTRADAY,-0.4492251309714849,-2.7906172446390345,-1.511
2026-02-03 17:55:00+00:00,BTC-USD,WIN,2.5,INTRADAY,-0.4762583453580984,-2.7766693046279283,-1.5198
2026-02-03 18:00:00+00:00,BTC-USD,WIN,2.5,INTRADAY,-0.4736141367317745,-2.396993397808095,-1.3306
2026-02-04 13:20:00+00:00,BTC-USD,WIN,2.5,INTRADAY,-0.06249201062928311,-2.016561236721251,-1.0242
2026-02-04 13:30:00+00:00,BTC-USD,WIN,2.5,INTRADAY,-0.13210839102052183,-1.787706443921724,-0.9344
2026-02-04 13:35:00+00:00,BTC-USD,WIN,2.5,INTRADAY,-0.18198010802264888,-2.416016275767277,-1.253
2026-02-04 13:40:00+00:00,BTC-USD,WIN,2.5,INTRADAY,-0.23798014730220377,-3.0162481884169035,-1.5586
2026-02-04 13:45:00+00:00,BTC-USD,LOSS,-1.0,INTRADAY,-0.3015119650342447,-3.9828306403530664,-2.0326
2026-02-04 13:50:00+00:00,BTC-USD,LOSS,-1.0,INTRADAY,-0.3751549646779945,-3.3499471123732985,-1.1926
2026-02-04 13:55:00+00:00,BTC-USD,LOSS,-1.0,INTRADAY,-0.4139431671099295,-3.822276621893437,-1.3537
2026-02-04 14:00:00+00:00,BTC-USD,LOSS,-1.0,INTRADAY,-0.4406933458241607,-3.042656263646533,-1.1331
2026-02-04 14:10:00+00:00,BTC-USD,WIN,2.5,INTRADAY,-0.431583671042898,-2.055345602399094,-1.0802
2026-02-04 14:30:00+00:00,BTC-USD,LOSS,-1.0,INTRADAY,-0.3611499843791084,-2.949811660989187,-1.0655
2026-02-04 14:50:00+00:00,BTC-USD,WIN,2.5,INTRADAY,-0.13035800869868777,-2.525589768185059,-1.2044
2026-02-04 14:55:00+00:00,BTC-USD,LOSS,-1.0,INTRADAY,-0.13523343764783038,-3.247255312052307,-1.0418
2026-02-05 13:20:00+00:00,BTC-USD,LOSS,-1.0,INTRADAY,-0.23614109317716256,-2.19536866671773,-1.133
2026-02-05 13:25:00+00:00,BTC-USD,LOSS,-1.0,INTRADAY,-0.2193782553066315,-2.1683290016960557,-1.1208
2026-02-05 15:20:00+00:00,BTC-USD,LOSS,-1.0,INTRADAY,-0.21174766630911634,-3.413173081499883,-1.1298
2026-02-05 15:25:00+00:00,BTC-USD,LOSS,-1.0,INTRADAY,-0.2961730367884843,-3.127202967043771,-1.0862
2026-02-05 15:30:00+00:00,BTC-USD,LOSS,-1.0,INTRADAY,-0.36753746930451214,-3.130748318274787,-1.123
2026-02-06 13:10:00+00:00,BTC-USD,WIN,2.5,INTRADAY,0.10174907601430998,2.1147155432157207,1.067
2026-02-06 13:15:00+00:00,BTC-USD,LOSS,-1.0,INTRADAY,0.13095964987623673,2.135674473374783,1.0874
2026-02-06 13:20:00+00:00,BTC-USD,LOSS,-1.0,INTRADAY,0.1737797263646437,2.53318313926311,1.316
2026-02-06 13:25:00+00:00,BTC-USD,WIN,2.5,INTRADAY,0.17794082205045614,1.8782247219986554,1.0063
2026-02-06 13:35:00+00:00,BTC-USD,LOSS,-1.0,INTRADAY,0.24217554291273952,1.9990451173667898,1.0918
2026-02-06 13:40:00+00:00,BTC-USD,LOSS,-1.0,INTRADAY,0.2887564327927656,2.0185979984410625,1.1133
2026-02-06 13:45:00+00:00,BTC-USD,LOSS,-1.0,INTRADAY,0.3242506987270764,2.077335823025621,1.1491
2026-02-06 13:50:00+00:00,BTC-USD,LOSS,-1.0,INTRADAY,0.35061330659701706,2.0442626224805385,1.1381
2026-02-06 13:55:00+00:00,BTC-USD,LOSS,-1.0,INTRADAY,0.3659796458598663,1.8995364221074187,1.0656
2026-02-06 16:40:00+00:00,BTC-USD,WIN,2.5,INTRADAY,0.3304248459245624,1.884497491204942,1.0788
2026-02-06 16:45:00+00:00,BTC-USD,WIN,2.5,INTRADAY,0.350588711202502,2.01376073218952,1.1462
2026-02-06 16:50:00+00:00,BTC-USD,WIN,2.5,INTRADAY,0.36818504555401493,2.036035459023087,1.1573
2026-02-06 17:10:00+00:00,BTC-USD,WIN,2.5,INTRADAY,0.2926573134979373,1.8635551290016006,1.0414
2026-02-06 17:15:00+00:00,BTC-USD,WIN,2.5,INTRADAY,0.29318045313599744,2.0454226046289707,1.1339
2026-02-06 17:20:00+00:00,BTC-USD,LOSS,-1.0,INTRADAY,0.32265832426549423,2.057514358609038,1.1393
2026-02-06 17:25:00+00:00,BTC-USD,LOSS,-1.0,INTRADAY,0.34441794904931355,2.112758286034453,1.1728
2026-02-06 17:30:00+00:00,BTC-USD,LOSS,-1.0,INTRADAY,0.3411054955696815,2.3619623537271073,1.3071
2026-02-06 17:40:00+00:00,BTC-USD,LOSS,-1.0,INTRADAY,0.30453438701938385,2.0411330093428472,1.1479
2026-02-06 17:45:00+00:00,BTC-USD,LOSS,-1.0,INTRADAY,0.3131309084838592,1.9004779044938878,1.0682
2026-02-08 08:00:00+00:00,BTC-USD,LOSS,-1.0,INTRADAY,0.2924972741209396,2.7688220461195137,1.4636
2026-02-08 08:05:00+00:00,BTC-USD,LOSS,-1.0,INTRADAY,0.31009635358298,2.7213404086588686,1.4585
2026-02-08 08:10:00+00:00,BTC-USD,WIN,2.5,INTRADAY,0.30259875730857216,2.1202837417893172,1.1624
2026-02-08 08:20:00+00:00,BTC-USD,WIN,2.5,INTRADAY,0.2375512160541812,3.5844638155255812,1.9346
2026-02-08 08:25:00+00:00,BTC-USD,WIN,2.5,INTRADAY,0.274555073543459,4.419974823965492,2.1641
2026-02-08 08:30:00+00:00,BTC-USD,LOSS,-1.0,INTRADAY,0.3103511579120435,4.760102610689033,1.3552
2026-02-08 08:35:00+00:00,BTC-USD,LOSS,-1.0,INTRADAY,0.3385049070645201,4.488203144568446,1.3693
2026-02-08 08:40:00+00:00,BTC-USD,LOSS,-1.0,INTRADAY,0.3835673139151666,3.791123334748088,1.3291
2026-02-08 08:45:00+00:00,BTC-USD,LOSS,-1.0,INTRADAY,0.4141242438763147,3.651203682532433,1.3024
2026-02-08 08:50:00+00:00,BTC-USD,LOSS,-1.0,INTRADAY,0.4451965706039795,3.1891777565546424,1.1794
2026-02-08 08:55:00+00:00,BTC-USD,LOSS,-1.0,INTRADAY,0.4698112197207442,3.4940928094626886,1.2831
2026-02-08 09:00:00+00:00,BTC-USD,LOSS,-1.0,INTRADAY,0.4791249179213206,2.87163618242481,1.1011
2026-02-08 09:05:00+00:00,BTC-USD,LOSS,-1.0,INTRADAY,0.5002335759824054,2.8400859625801362,1.1021
2026-02-08 09:15:00+00:00,BTC-USD,LOSS,-1.0,INTRADAY,0.45909143546102876,2.185968315267257,1.3176
2026-02-08 09:20:00+00:00,BTC-USD,LOSS,-1.0,INTRADAY,0.4427661702067063,2.134172084747386,1.2824
2026-02-08 09:25:00+00:00,BTC-USD,LOSS,-1.0,INTRADAY,0.42557659958307215,2.0927844804853333,1.2502
2026-02-08 09:30:00+00:00,BTC-USD,LOSS,-1.0,INTRADAY,0.38799979902181886,2.006323245968091,1.1913
2026-02-09 08:25:00+00:00,BTC-USD,WIN,2.5,INTRADAY,-0.2103301148820499,-2.1393983222909756,-1.1324
2026-02-09 08:30:00+00:00,BTC-USD,LOSS,-1.0,INTRADAY,-0.2514794491204224,-3.9525075738587705,-1.3115
2026-02-09 08:45:00+00:00,BTC-USD,WIN,2.5,INTRADAY,-0.3684147535402297,-2.298538343400639,-1.1995
2026-02-09 08:50:00+00:00,BTC-USD,WIN,2.5,INTRADAY,-0.37798062245792996,-2.2436680147085997,-1.1775
2026-02-09 08:55:00+00:00,BTC-USD,WIN,2.5,INTRADAY,-0.3748136050962445,-1.9818340882620344,-1.0468
2026-02-09 09:35:00+00:00,BTC-USD,WIN,2.5,INTRADAY,-0.23290166014007313,-1.9720528671827249,-1.0139
2026-02-09 09:40:00+00:00,BTC-USD,WIN,2.5,INTRADAY,-0.22636374520478167,-2.0208228406931963,-1.0458
2026-02-09 16:45:00+00:00,BTC-USD,WIN,2.5,INTRADAY,0.13077658446717155,2.146755125669016,1.1698
2026-02-09 17:00:00+00:00,BTC-USD,WIN,2.5,INTRADAY,0.24226513458434917,1.8463396592592018,1.0426
2026-02-09 17:35:00+00:00,BTC-USD,WIN,2.5,INTRADAY,0.27779884062057175,1.987446819478334,1.1033
2026-02-09 17:40:00+00:00,BTC-USD,LOSS,-1.0,INTRADAY,0.30488640046461796,2.3906971680187565,1.314
2026-02-09 17:45:00+00:00,BTC-USD,LOSS,-1.0,INTRADAY,0.3121860629336573,2.187379178443581,1.2108
2026-02-09 17:50:00+00:00,BTC-USD,LOSS,-1.0,INTRADAY,0.3121664060669699,2.1253155886842836,1.1711
2026-02-09 17:55:00+00:00,BTC-USD,LOSS,-1.0,INTRADAY,0.30939173303609047,1.8533256081680314,1.0263
2026-02-09 18:00:00+00:00,BTC-USD,LOSS,-1.0,INTRADAY,0.3012355364602412,2.3153707011577844,1.2621
2026-02-10 14:15:00+00:00,BTC-USD,LOSS,-1.0,INTRADAY,0.3073883265144661,2.125731130576012,1.2153
2026-02-10 14:35:00+00:00,BTC-USD,LOSS,-1.0,INTRADAY,0.15503046580138508,-2.665745272385731,-1.195
2026-02-10 14:40:00+00:00,BTC-USD,LOSS,-1.0,INTRADAY,0.05306090885726295,-3.9637568411816133,-1.8699
2026-02-10 14:45:00+00:00,BTC-USD,LOSS,-1.0,INTRADAY,-0.04041788942672538,-4.070377218576943,-1.2202
2026-02-10 14:50:00+00:00,BTC-USD,LOSS,-1.0,INTRADAY,-0.09498209738723935,-2.4561478975153954,-1.161
2026-02-10 16:15:00+00:00,BTC-USD,LOSS,-1.0,INTRADAY,0.294362715539789,1.8300307750765745,1.0766
2026-02-11 14:00:00+00:00,BTC-USD,WIN,2.5,INTRADAY,0.072824614523841,2.5355121586780913,1.3831
2026-02-11 14:05:00+00:00,BTC-USD,WIN,2.5,INTRADAY,0.13942964108346517,2.9769200357736567,1.6221
2026-02-11 14:10:00+00:00,BTC-USD,LOSS,-1.0,INTRADAY,0.19687132930906479,4.1334867064691325,1.2984
2026-02-11 14:15:00+00:00,BTC-USD,LOSS,-1.0,INTRADAY,0.2656388944778805,3.47559197285047,1.1755
2026-02-11 14:25:00+00:00,BTC-USD,LOSS,-1.0,INTRADAY,0.31638602260137094,2.1987211662902277,1.2872
2026-02-11 14:30:00+00:00,BTC-USD,LOSS,-1.0,INTRADAY,0.31464393504964866,1.6269605990472444,1.0008
2026-02-11 15:05:00+00:00,BTC-USD,LOSS,-1.0,INTRADAY,-0.1570733057711253,-3.554608545366579,-1.1449
2026-02-11 15:10:00+00:00,BTC-USD,LOSS,-1.0,INTRADAY,-0.2295791555256156,-3.6376996506341754,-1.2061
2026-02-11 17:00:00+00:00,BTC-USD,LOSS,-1.0,INTRADAY,-0.06861105147755771,-1.9942753342784676,-1.0106
2026-02-12 13:55:00+00:00,BTC-USD,LOSS,-1.0,INTRADAY,0.1098030985533491,1.6868997288544452,0.9248
2026-02-12 16:05:00+00:00,BTC-USD,WIN,2.5,INTRADAY,-0.21609857190426357,-2.562094223113564,-1.2626
2026-02-12 16:20:00+00:00,BTC-USD,WIN,2.5,INTRADAY,-0.30213754553906874,-2.9038235046038907,-1.0222
2026-02-12 16:25:00+00:00,BTC-USD,LOSS,-1.0,INTRADAY,-0.34985426646567275,-3.3145266457394422,-1.1693
2026-02-12 16:30:00+00:00,BTC-USD,LOSS,-1.0,INTRADAY,-0.3954444364748689,-3.1608166444200463,-1.146
2026-02-12 16:50:00+00:00,BTC-USD,LOSS,-1.0,INTRADAY,-0.4429437113520763,-3.2214645496400736,-1.1879
2026-02-12 16:55:00+00:00,BTC-USD,LOSS,-1.0,INTRADAY,-0.45756128410099656,-2.684620715585207,-1.0342
2026-02-13 09:05:00+00:00,BTC-USD,WIN,2.5,INTRADAY,0.32894385120625347,1.9647329110916623,1.0939
2026-02-13 09:20:00+00:00,BTC-USD,WIN,2.5,INTRADAY,0.35768204415423926,2.0426178523941845,1.146
2026-02-13 09:25:00+00:00,BTC-USD,WIN,2.5,INTRADAY,0.35315068440137054,2.149124815573089,1.1911
2026-02-13 09:30:00+00:00,BTC-USD,WIN,2.5,INTRADAY,0.35546169480213297,2.5800088409418818,1.4086
2026-02-13 09:35:00+00:00,BTC-USD,WIN,2.5,INTRADAY,0.3536951243900066,2.2499502543958876,1.237
2026-02-13 09:40:00+00:00,BTC-USD,WIN,2.5,INTRADAY,0.3613287675444772,2.398243804917213,1.3088
2026-02-13 09:45:00+00:00,BTC-USD,LOSS,-1.0,INTRADAY,0.3767043043947583,2.9597599127623018,1.6024
2026-02-13 09:50:00+00:00,BTC-USD,LOSS,-1.0,INTRADAY,0.39287736830951536,2.652175635401058,1.4456
2026-02-13 09:55:00+00:00,BTC-USD,WIN,2.5,INTRADAY,0.37700158330849254,2.3115846658932773,1.264
2026-02-13 10:00:00+00:00,BTC-USD,WIN,2.5,INTRADAY,0.3583108036097294,2.1232784448842232,1.1605
2026-02-13 13:30:00+00:00,BTC-USD,LOSS,-1.0,INTRADAY,0.09402475961374042,1.932009644241355,1.021
2026-02-13 14:45:00+00:00,BTC-USD,WIN,2.5,INTRADAY,0.0866998313729544,2.5676032594456166,1.4067
2026-02-13 14:55:00+00:00,BTC-USD,WIN,2.5,INTRADAY,0.09952785253301001,1.9544953063573245,1.1022
2026-02-13 15:00:00+00:00,BTC-USD,WIN,2.5,INTRADAY,0.10963252773303733,2.185034425468336,1.221
2026-02-13 15:10:00+00:00,BTC-USD,WIN,2.5,INTRADAY,0.19106512953912985,3.4588118162739168,1.1332
2026-02-13 15:25:00+00:00,BTC-USD,WIN,2.5,INTRADAY,0.28485526305340675,3.46223466813746,1.1811
2026-02-13 15:30:00+00:00,BTC-USD,LOSS,-1.0,INTRADAY,0.34156049919984877,3.783023308215962,1.3057
2026-02-13 15:35:00+00:00,BTC-USD,LOSS,-1.0,INTRADAY,0.3902984798912258,3.2281926223427626,1.1636
2026-02-14 08:00:00+00:00,BTC-USD,WIN,2.5,INTRADAY,0.35338334793172205,4.626948161272514,2.1978
2026-02-14 08:05:00+00:00,BTC-USD,WIN,2.5,INTRADAY,0.3489063677111708,5.213081822654742,2.2034
2026-02-14 08:10:00+00:00,BTC-USD,WIN,2.5,INTRADAY,0.4130228801788842,4.4581609691991595,2.2221
2026-02-14 08:15:00+00:00,BTC-USD,WIN,2.5,INTRADAY,0.47226822957523334,4.4017673221127485,2.2397
2026-02-14 08:20:00+00:00,BTC-USD,WIN,2.5,INTRADAY,0.48865141010123087,3.592759937149241,2.0412
2026-02-14 08:25:00+00:00,BTC-USD,WIN,2.5,INTRADAY,0.5131984329541384,3.04247527070814,1.7726
2026-02-14 08:30:00+00:00,BTC-USD,WIN,2.5,INTRADAY,0.5292792288485788,3.3807469736215134,1.9466
2026-02-14 08:35:00+00:00,BTC-USD,WIN,2.5,INTRADAY,0.5483733077365925,3.6752927198251495,2.0997
2026-02-14 08:40:00+00:00,BTC-USD,WIN,2.5,INTRADAY,0.5762657449920848,3.2185381983051635,1.8787
2026-02-14 08:45:00+00:00,BTC-USD,LOSS,-1.0,INTRADAY,0.5607166088554458,3.6196502368619297,2.0756
2026-02-14 08:50:00+00:00,BTC-USD,LOSS,-1.0,INTRADAY,0.5685630661571869,3.2494564347529002,1.8923
2026-02-14 08:55:00+00:00,BTC-USD,LOSS,-1.0,INTRADAY,0.5643317581328633,2.8628418865672116,1.6966
2026-02-14 09:00:00+00:00,BTC-USD,LOSS,-1.0,INTRADAY,0.5321688311213212,3.0606723956115096,1.7862
2026-02-14 09:05:00+00:00,BTC-USD,LOSS,-1.0,INTRADAY,0.516803739212026,2.686231615837547,1.5924
2026-02-14 09:10:00+00:00,BTC-USD,WIN,2.5,INTRADAY,0.4553304397807919,2.211860421336937,1.3362
2026-02-14 09:15:00+00:00,BTC-USD,WIN,2.5,INTRADAY,0.3833688635761196,1.8924029161392968,1.1528
2026-02-14 09:20:00+00:00,BTC-USD,WIN,2.5,INTRADAY,0.3001340367339932,1.738467566340422,1.0509
2026-02-14 09:35:00+00:00,BTC-USD,WIN,2.5,INTRADAY,0.12550365646190076,1.7792876789443812,1.009
2026-02-14 09:40:00+00:00,BTC-USD,LOSS,-1.0,INTRADAY,0.09384125185893481,1.8240050192327995,1.0161
2026-02-15 13:00:00+00:00,BTC-USD,LOSS,-1.0,INTRADAY,-0.26580005257396616,-3.8937711992277415,-1.301
2026-02-15 13:05:00+00:00,BTC-USD,WIN,2.5,INTRADAY,-0.3126773897712008,-3.0825518492600144,-1.5508
2026-02-15 13:10:00+00:00,BTC-USD,WIN,2.5,INTRADAY,-0.3711695742603997,-2.9117675432827843,-1.4877
2026-02-15 13:15:00+00:00,BTC-USD,WIN,2.5,INTRADAY,-0.3928419071406566,-2.2630869274724716,-1.1697
2026-02-15 13:20:00+00:00,BTC-USD,WIN,2.5,INTRADAY,-0.41738948024348266,-2.609879220832287,-1.3488
2026-02-15 13:25:00+00:00,BTC-USD,WIN,2.5,INTRADAY,-0.45320798766123255,-2.758451790805114,-1.4355
2026-02-15 13:30:00+00:00,BTC-USD,WIN,2.5,INTRADAY,-0.4639041481242128,-3.408563856081354,-1.2545
2026-02-15 13:35:00+00:00,BTC-USD,WIN,2.5,INTRADAY,-0.5291142643016762,-3.1022905312804627,-1.1952
2026-02-15 13:40:00+00:00,BTC-USD,LOSS,-1.0,INTRADAY,-0.5960366659641252,-2.876030324462724,-1.1608
2026-02-15 13:45:00+00:00,BTC-USD,WIN,2.5,INTRADAY,-0.6129542166306151,-2.57814700352539,-1.0799
2026-02-15 13:50:00+00:00,BTC-USD,LOSS,-1.0,INTRADAY,-0.6094921375602024,-2.7222016363019175,-1.1214
2026-02-15 13:55:00+00:00,BTC-USD,LOSS,-1.0,INTRADAY,-0.622939401710923,-2.438190202114043,-1.0429
2026-02-16 09:35:00+00:00,BTC-USD,LOSS,-1.0,INTRADAY,0.28095427450296967,2.0182309568407244,1.0968
2026-02-16 09:40:00+00:00,BTC-USD,LOSS,-1.0,INTRADAY,0.30070912315836734,1.899007484911777,1.04
2026-02-16 13:00:00+00:00,BTC-USD,LOSS,-1.0,INTRADAY,0.46434898373468175,3.7155157309244595,1.3468
2026-02-16 13:05:00+00:00,BTC-USD,LOSS,-1.0,INTRADAY,0.45845431424774336,2.7194145660563787,1.0451
2026-02-16 13:10:00+00:00,BTC-USD,LOSS,-1.0,INTRADAY,0.4544096916741138,2.1668332147934954,1.3135
2026-02-16 13:15:00+00:00,BTC-USD,LOSS,-1.0,INTRADAY,0.4571181845772698,2.2718533627838817,1.3645
2026-02-16 15:30:00+00:00,BTC-USD,LOSS,-1.0,INTRADAY,-0.07711853838220012,-3.107425545954359,-1.5299
2026-02-16 15:35:00+00:00,BTC-USD,LOSS,-1.0,INTRADAY,-0.1550923706952909,-3.1418077284738253,-1.0201
2026-02-16 15:40:00+00:00,BTC-USD,LOSS,-1.0,INTRADAY,-0.23097412046684482,-2.790339250652288,-1.4342
2026-02-16 15:45:00+00:00,BTC-USD,LOSS,-1.0,INTRADAY,-0.28530946568680643,-2.5517872177082155,-1.3396
2026-02-16 15:50:00+00:00,BTC-USD,LOSS,-1.0,INTRADAY,-0.3205911871721172,-2.221464541170771,-1.1851
2026-02-16 15:55:00+00:00,BTC-USD,LOSS,-1.0,INTRADAY,-0.36129845731884314,-2.2193174086574983,-1.2035
2026-02-16 16:00:00+00:00,BTC-USD,LOSS,-1.0,INTRADAY,-0.3855877003095985,-2.0570636130601025,-1.1388
